video_id,playlist_index,title,episode_number,published_date,duration_seconds,webpage_url,status,transcript_source,processed_at,candidate_count,last_error
ftCPe3Yxztk,6,How to Play Commander | The Command Zone 745 | MTG EDH Magic Gathering,745,2026-06-03,,https://www.youtube.com/watch?v=ftCPe3Yxztk,complete,manual,,1,
hcdAy7ne04U,1,“Fantastic Four” Precon Upgrade Guide | Marvel Super Heroes | The Command Zone 750 | MTG EDH Magic,750,2026-06-26,4626,https://www.youtube.com/watch?v=hcdAy7ne04U,complete,youtube-transcript-api:generated,2026-06-28T21:31:43+00:00,1,
hqCE1M41Ro0,2,“Wakanda Forever” Precon Upgrade Guide | Marvel Super Heroes | The Command Zone 749 | MTG EDH Magic,749,2026-06-23,4485,https://www.youtube.com/watch?v=hqCE1M41Ro0,complete,description-bookmarks+browser+rapidocr,2026-07-04T17:36:48+00:00,1,
Z0iX5xQ0_HA,3,Marvel Super Heroes Most Powerful New Commanders | The Command Zone 748 | MTG EDH Magic Gathering,748,2026-06-18,7152,https://www.youtube.com/watch?v=Z0iX5xQ0_HA,complete,description-bookmarks+browser+rapidocr,2026-07-04T17:43:20+00:00,1,
TUN9HwLWRb4,4,"“Doom Prevails"" Precon Upgrade Guide | Marvel Super Heroes | The Command Zone 747 | MTG EDH Magic",747,2026-06-11,4342,https://www.youtube.com/watch?v=TUN9HwLWRb4,complete,youtube-transcript-api:generated,2026-06-28T21:32:02+00:00,1,
NtA9z2wO4iM,5,“Avengers Assemble” Full Deck Reveal + Upgrade | Marvel Super Heroes | The Command Zone 746 | MTG,746,2026-06-08,3855,https://www.youtube.com/watch?v=NtA9z2wO4iM,complete,youtube-transcript-api:generated,2026-06-28T21:32:07+00:00,1,
4aGmNlEqb7o,7,Commander Cards We Were Wrong About | The Command Zone 744 | MTG EDH Magic Gathering,744,2026-05-28,5779,https://www.youtube.com/watch?v=4aGmNlEqb7o,complete,youtube-transcript-api:generated,2026-06-28T21:32:12+00:00,1,
e3qGnuupp8U,8,Stop Building Like Everyone Else | The Command Zone 743 | MTG EDH Magic Gathering,743,2026-05-19,6920,https://www.youtube.com/watch?v=e3qGnuupp8U,complete,description-bookmarks+browser+rapidocr,2026-07-04T17:50:10+00:00,1,
Ncj_HZkRXlc,9,We Roast Each Other's Decks w/ Tomer (MTGGoldfish) | The Command Zone 742 | MTG EDH Magic Gathering,742,2026-05-13,7885,https://www.youtube.com/watch?v=Ncj_HZkRXlc,complete,youtube-transcript-api:generated,2026-06-28T21:32:21+00:00,1,
c3F0h4um8sY,10,“Witherbloom Pestilence” Precon Upgrade | Secrets of Strixhaven | The Command Zone 741 | MTG Magic,741,2026-05-08,4062,https://www.youtube.com/watch?v=c3F0h4um8sY,complete,youtube-transcript-api:generated,2026-06-28T21:32:26+00:00,1,
Xf7p7GcDON8,11,Your Commander May Be The Problem | The Command Zone 740 | MTG EDH Magic Gathering,740,2026-05-05,4101,https://www.youtube.com/watch?v=Xf7p7GcDON8,complete,description-bookmarks+browser+rapidocr,2026-07-04T17:56:23+00:00,1,
2OOHw-ytDy0,12,Secrets of Strixhaven’s Best New Cards (In the 99) | The Command Zone 739 | MTG EDH Magic Gathering,739,2026-04-30,6286,https://www.youtube.com/watch?v=2OOHw-ytDy0,complete,description-bookmarks+browser+rapidocr,2026-06-29T16:24:20+00:00,1,
W1-msyO9yQQ,13,“Silverquill Influence” Precon Upgrade | Secrets of Strixhaven | The Command Zone 738 | MTG Magic,738,2026-04-24,4454,https://www.youtube.com/watch?v=W1-msyO9yQQ,complete,description-bookmarks+browser+rapidocr,2026-07-04T18:00:48+00:00,1,
yaqvE9rYUkA,14,“Quandrix Unlimited” Precon Upgrade | Secrets of Strixhaven | The Command Zone 737 | MTG EDH Magic,737,2026-04-21,4556,https://www.youtube.com/watch?v=yaqvE9rYUkA,complete,description-bookmarks+browser+rapidocr,2026-06-29T16:51:15+00:00,1,
rc2TAwL663A,15,Secrets of Strixhaven’s Most Powerful New Commanders | Command Zone 736 | MTG EDH Magic Gathering,736,2026-04-17,8549,https://www.youtube.com/watch?v=rc2TAwL663A,complete,description-bookmarks+browser+rapidocr,2026-06-29T16:52:56+00:00,1,
rNUv0ZWrJeE,16,“Lorehold Spirit” Precon Upgrade | Secrets of Strixhaven | The Command Zone 735 | MTG EDH Magic,735,2026-04-09,4975,https://www.youtube.com/watch?v=rNUv0ZWrJeE,complete,description-bookmarks+browser+rapidocr,2026-06-29T16:57:07+00:00,1,
5vGsFMCOW5M,17,“Prismari Artistry” Precon Upgrade | Secrets of Strixhaven | The Command Zone 734 | MTG EDH Magic,734,2026-04-07,3813,https://www.youtube.com/watch?v=5vGsFMCOW5M,complete,description-bookmarks+browser+rapidocr,2026-06-29T17:00:09+00:00,1,
fxBCPGaWu9Y,18,Level Up Your Deck Building w/ This One Hack | The Command Zone 733 | MTG EDH Magic Gathering,733,2026-04-01,3809,https://www.youtube.com/watch?v=fxBCPGaWu9Y,complete,description-bookmarks+browser+rapidocr,2026-06-29T17:19:37+00:00,1,
8oAvrETrQEM,19,What's Fun About Bracket 1? | The Command Zone 732 | MTG Commander Magic: The Gathering EDH,732,2026-03-23,6533,https://www.youtube.com/watch?v=8oAvrETrQEM,complete,description-bookmarks+browser+rapidocr,2026-06-29T17:21:04+00:00,1,
jzeTz9clIC8,20,What's Up w/ Bracket 4? | The Command Zone 731 | MTG EDH Magic Gathering,731,2026-03-17,5692,https://www.youtube.com/watch?v=jzeTz9clIC8,complete,description-bookmarks+browser+rapidocr,2026-06-29T17:22:30+00:00,1,
6oS1E5BGi0U,21,Why Your Deck Feels Clunky and How to Fix It | The Command Zone 730 | MTG EDH Magic Gathering,730,2026-03-10,4940,https://www.youtube.com/watch?v=6oS1E5BGi0U,complete,description-bookmarks+browser+rapidocr,2026-06-29T17:26:02+00:00,1,
8LfhhUD3lVc,22,The Best Commander Card from EVERY Magic Set Ever | The Command Zone 729 | MTG EDH Gathering,729,2026-03-03,13276,https://www.youtube.com/watch?v=8LfhhUD3lVc,complete,description-bookmarks+browser+rapidocr,2026-07-04T18:05:03+00:00,1,
DbcbZmQbTm0,23,The TMNT Cards You Need to Know | The Command Zone 728 | MTG Magic EDH Gathering,728,2026-02-24,5916,https://www.youtube.com/watch?v=DbcbZmQbTm0,complete,description-bookmarks+browser+rapidocr,2026-06-29T20:48:31+00:00,1,
lq102tK_CV8,24,“Turtle Power!” Full Deck Reveal + Upgrade | Teenage Mutant Ninja Turtles | The Command Zone 727,727,2026-02-18,4180,https://www.youtube.com/watch?v=lq102tK_CV8,complete,description-bookmarks+browser+rapidocr,2026-07-04T18:09:47+00:00,1,
9XzCokjm5Vs,25,"Wizards Makes It Official re: Hybrid Mana, Bans/Unbans, and More | The Command Zone 726 | MTG Magic",726,2026-02-10,5923,https://www.youtube.com/watch?v=9XzCokjm5Vs,complete,description-bookmarks+browser+rapidocr,2026-06-29T20:54:19+00:00,1,
IKCpeIyvQg8,26,Teenage Mutant Ninja Turtles is Here Already?! | The Command Zone 725 | MTG EDH Magic Gathering,725,,8214,https://www.youtube.com/watch?v=IKCpeIyvQg8,retry,,2026-08-03T15:20:40+00:00,0,RuntimeError: Chrome exited before remote debugging became available
TnlMmWVUFdk,27,Is Consistency Killing Commander? | The Command Zone | MTG Commander Magic: The Gathering EDH,,,1254,https://www.youtube.com/watch?v=TnlMmWVUFdk,complete,description-bookmarks+browser+rapidocr,2026-06-29T21:55:29+00:00,0,
IBxHD3M87e8,28,“Dance of the Elements” Precon Upgrade | Lorwyn Eclipsed | The Command Zone 724 | MTG EDH Magic,724,2026-01-27,4073,https://www.youtube.com/watch?v=IBxHD3M87e8,complete,description-bookmarks+browser+rapidocr,2026-06-29T21:58:44+00:00,1,
fta32vuFOok,29,Lorwyn Eclipsed’s Best New Cards (In the 99) | The Command Zone 723 | Magic Gathering Commander EDH,723,2026-01-20,8730,https://www.youtube.com/watch?v=fta32vuFOok,complete,description-bookmarks+browser+rapidocr,2026-07-04T18:30:07+00:00,1,
DlUqF9W8E7M,30,“Blight Curse” Precon Upgrade | Lorwyn Eclipsed | The Command Zone 722 | MTG EDH Magic Gathering,722,2026-01-15,4340,https://www.youtube.com/watch?v=DlUqF9W8E7M,complete,description-bookmarks+browser+rapidocr,2026-06-29T22:03:48+00:00,1,
iqjLbIJOMlw,31,Lorwyn Eclipsed’s Most Powerful New Commanders | The Command Zone 721 | MTG EDH Magic Gathering,721,2026-01-12,7343,https://www.youtube.com/watch?v=iqjLbIJOMlw,complete,description-bookmarks+browser+rapidocr,2026-06-29T22:05:18+00:00,1,
QjYvM7f8bIY,32,Don’t Ignore These Commander Red Flags | The Command Zone 720 | MTG EDH Magic Gathering,720,2026-01-06,4895,https://www.youtube.com/watch?v=QjYvM7f8bIY,complete,description-bookmarks+browser+rapidocr,2026-07-04T18:36:32+00:00,1,
pOVmxbpkp9c,33,MTG in 2025 - Year in Review | The Command Zone 719 | MTG EDH Magic Gathering,719,2025-12-30,12343,https://www.youtube.com/watch?v=pOVmxbpkp9c,complete,description-bookmarks+browser+rapidocr,2026-07-04T18:41:23+00:00,1,
zZi5dyiStNw,34,This Will Change How You Play Commander | The Command Zone 718 | MTG EDH Magic Gathering,718,2025-12-23,5323,https://www.youtube.com/watch?v=zZi5dyiStNw,complete,description-bookmarks+browser+rapidocr,2026-07-04T18:47:54+00:00,1,
QG5KDhlmFRI,35,The Best Cards of 2025 | The Command Zone 717 |  Magic The Gathering MTG Commander EDH,717,2025-12-18,6788,https://www.youtube.com/watch?v=QG5KDhlmFRI,complete,description-bookmarks+browser+rapidocr,2026-07-04T18:51:59+00:00,1,
yOKIc0vTnvU,36,How to Make Your Decks Less Boring | The Command Zone 716 | MTG EDH Magic Gathering,716,2025-12-11,3772,https://www.youtube.com/watch?v=yOKIc0vTnvU,complete,description-bookmarks+browser+rapidocr,2026-06-29T22:18:03+00:00,1,
Cwz_GemcWg4,37,Play These Cards At Your Own Risk | The Command Zone 715 | MTG EDH Magic Gathering,715,2025-12-09,5419,https://www.youtube.com/watch?v=Cwz_GemcWg4,complete,description-bookmarks+browser+rapidocr,2026-06-29T22:20:14+00:00,1,
kdsXbCeaQDU,38,Commanders We Just Can’t Crack | The Command Zone 714 | MTG EDH Magic Gathering,714,2025-12-03,7488,https://www.youtube.com/watch?v=kdsXbCeaQDU,complete,description-bookmarks+browser+rapidocr,2026-06-29T22:22:34+00:00,1,
nP3rO_7bqGI,39,We Rank Every Precon from 2025 | The Command Zone 713 | MTG EDH Magic Gathering,713,2025-11-25,6212,https://www.youtube.com/watch?v=nP3rO_7bqGI,complete,description-bookmarks+browser+rapidocr,2026-07-04T18:57:39+00:00,1,
JnITPj7bsmA,40,The Best Budget Cards in Every Color Pair | The Command Zone 712 | MTG EDH Magic Gathering,712,2025-11-21,4106,https://www.youtube.com/watch?v=JnITPj7bsmA,complete,description-bookmarks+browser+rapidocr,2026-06-29T22:29:43+00:00,1,
0dBH8QxdpAE,41,4 Avatar Commander Decks to Build Right Now | The Command Zone 711 | MTG EDH Magic Gathering,711,2025-11-18,4527,https://www.youtube.com/watch?v=0dBH8QxdpAE,complete,description-bookmarks+browser+rapidocr,2026-06-29T22:32:53+00:00,1,
4SBoXXN1VCA,42,Avatar’s Best New Cards (In the 99) | The Command Zone 710 | MTG Magic: The Gathering Commander EDH,710,2025-11-13,8007,https://www.youtube.com/watch?v=4SBoXXN1VCA,complete,description-bookmarks+browser+rapidocr,2026-07-04T19:01:04+00:00,1,
f9320Lqo4eI,43,Avatar’s Most Powerful New Commanders | The Command Zone 709 | MTG EDH Magic Gathering,709,2025-11-07,6297,https://www.youtube.com/watch?v=f9320Lqo4eI,complete,description-bookmarks+browser+rapidocr,2026-06-29T22:37:42+00:00,1,
MnS91-08rO0,44,"We Like The Hybrid Change, Actually | The Command Zone 708 | MTG EDH Magic Gathering",708,2025-11-04,5461,https://www.youtube.com/watch?v=MnS91-08rO0,complete,description-bookmarks+browser+rapidocr,2026-07-04T19:07:28+00:00,1,
DxIomU_20bc,45,These New Avatar Cards Will Blow You Away | The Command Zone 707 | MTG EDH Magic Gathering,707,2025-10-31,1590,https://www.youtube.com/watch?v=DxIomU_20bc,complete,description-bookmarks+browser+rapidocr,2026-06-29T22:39:24+00:00,1,
5kDU67RVIhY,46,Pro Level Commander Advice from Actual Pros | The Command Zone 706 | MTG EDH Magic Gathering,706,2025-10-29,6312,https://www.youtube.com/watch?v=5kDU67RVIhY,complete,description-bookmarks+browser+rapidocr,2026-07-04T19:12:27+00:00,1,
l-fyZMOHJsU,47,"The New, NEW Commander Brackets | The Command Zone 705 | MTG EDH Magic Gathering",705,,4559,https://www.youtube.com/watch?v=l-fyZMOHJsU,retry,,2026-07-27T15:17:43+00:00,0,RuntimeError: Chrome exited before remote debugging became available
OkkOanLxLNA,48,The 10 Best Colorless Cards for just $10 | The Command Zone 704 | MTG EDH Magic Gathering,704,,4108,https://www.youtube.com/watch?v=OkkOanLxLNA,retry,,2026-07-20T14:35:56+00:00,0,RuntimeError: Chrome exited before remote debugging became available
Q6gZ3OHqTcc,49,We Draft the Best Game Changers | The Command Zone 703 | MTG EDH Magic Gathering,703,2025-10-14,3698,https://www.youtube.com/watch?v=Q6gZ3OHqTcc,complete,description-bookmarks+browser+rapidocr,2026-07-04T19:24:37+00:00,1,
hHrjnIpiU74,50,What are we even doing? | The Command Zone 702 | Magic: The Gathering Commander MTG Universes Beyond,702,2025-10-08,7396,https://www.youtube.com/watch?v=hHrjnIpiU74,complete,description-bookmarks+browser+rapidocr,2026-07-04T19:27:16+00:00,1,
Nu8bL0cCLkA,51,Our Favorite NEW Decks | The Command Zone 701 | Magic: The Gathering Commander MTG,701,2025-10-02,6455,https://www.youtube.com/watch?v=Nu8bL0cCLkA,complete,description-bookmarks+browser+rapidocr,2026-06-30T00:34:26+00:00,1,
ZTw7phD0_Mc,52,The Complete Guide to Mass Disruption | The Command Zone 700 | MTG EDH Magic Gathering,700,2025-09-23,4493,https://www.youtube.com/watch?v=ZTw7phD0_Mc,complete,description-bookmarks+browser+rapidocr,2026-07-04T19:31:39+00:00,1,
agL2LV596Kc,53,4x Awesome Spider-Man Commander Decks to Build Right Now | The Command Zone 699 | MTG Magic,699,2025-09-18,4081,https://www.youtube.com/watch?v=agL2LV596Kc,complete,description-bookmarks+browser+rapidocr,2026-06-30T00:43:38+00:00,1,
KMYOoWD3UN4,54,Spider-Man’s Best Cards (In the 99) | The Command Zone 698 | MTG EDH Magic Commander,698,2025-09-11,7206,https://www.youtube.com/watch?v=KMYOoWD3UN4,complete,description-bookmarks+browser+rapidocr,2026-07-04T19:36:21+00:00,1,
TXHP1X6mN9k,55,Spider-Man’s Most Powerful Commanders | The Command Zone 697 | MTG EDH Magic Gathering,697,2025-09-05,6901,https://www.youtube.com/watch?v=TXHP1X6mN9k,complete,description-bookmarks+browser+rapidocr,2026-07-04T19:43:05+00:00,1,
aLNJ9JEWFaw,56,BROKEN NEWS: New Spider-Man Villain ALWAYS has Blue Mana Open | The Command Zone 696 | MTG EDH Magic,696,2025-09-02,2190,https://www.youtube.com/watch?v=aLNJ9JEWFaw,complete,description-bookmarks+browser+rapidocr,2026-06-30T00:52:34+00:00,1,
ARaFN9tFTGA,57,JLK’s Personal Commander Decks | The Command Zone 695 | Magic: The Gathering Magic MTG EDH,695,2025-08-28,7528,https://www.youtube.com/watch?v=ARaFN9tFTGA,complete,description-bookmarks+browser+rapidocr,2026-07-04T19:56:29+00:00,1,
mfZ58jxjqds,58,The Best Commander in All 32 Color Combos | The Command Zone 694 | MTG Magic: The Gathering EDH,694,2025-08-20,5375,https://www.youtube.com/watch?v=mfZ58jxjqds,complete,description-bookmarks+browser+rapidocr,2026-07-04T20:04:57+00:00,1,
Xm3e_f6XzV8,59,10 Utility Lands You Should Buy for $10 | The Command Zone 693 | MTG EDH Magic Gathering,693,,3323,https://www.youtube.com/watch?v=Xm3e_f6XzV8,complete,description-bookmarks+browser+rapidocr,2026-07-05T22:43:53+00:00,1,
hue9ZWRMaYo,60,How to BEAT Green Decks w/ Brian Kibler | The Command Zone 692 | MTG EDH Magic Gathering @bmkibler,692,2025-08-12,5062,https://www.youtube.com/watch?v=hue9ZWRMaYo,complete,description-bookmarks+browser+rapidocr,2026-07-04T20:15:32+00:00,1,
qtML-Alod6A,61,Why Commander SUCKS Sometimes | The Command Zone 691 | MTG EDH Magic Gathering,691,,4287,https://www.youtube.com/watch?v=qtML-Alod6A,complete,description-bookmarks+browser+rapidocr,2026-07-05T22:37:12+00:00,1,
I6kd3ggg81w,62,When Your Deck is Too Good (But Also Too Bad) | The Command Zone 690 | MTG EDH Magic Gathering,690,2025-08-01,4411,https://www.youtube.com/watch?v=I6kd3ggg81w,complete,description-bookmarks+browser+rapidocr,2026-06-30T01:08:34+00:00,1,
0M_l2efjTys,63,10 Disruption Spells You Should Buy for $10 | The Command Zone 689 | MTG EDH Magic Gathering,689,2025-07-29,2435,https://www.youtube.com/watch?v=0M_l2efjTys,complete,description-bookmarks+browser+rapidocr,2026-07-04T20:23:11+00:00,1,
eMmY2at6oL8,64,Edge of Eternities’s Best Cards (In the 99) | The Command Zone 688 | MTG EDH Magic Gathering,688,2025-07-24,7775,https://www.youtube.com/watch?v=eMmY2at6oL8,complete,description-bookmarks+browser+rapidocr,2026-07-04T20:27:02+00:00,1,
ys0pgB72LIk,65,Most Powerful Commanders in Edge of Eternities | The Command Zone 687 | MTG EDH Magic Gathering,687,2025-07-18,5906,https://www.youtube.com/watch?v=ys0pgB72LIk,complete,description-bookmarks+browser+rapidocr,2026-06-30T01:16:20+00:00,1,
0xOXEYmbDnk,66,“Counter Intelligence” Precon Upgrade | Edge of Eternities | The Command Zone 686 | Magic Commander,686,2025-07-15,3938,https://www.youtube.com/watch?v=0xOXEYmbDnk,complete,description-bookmarks+browser+rapidocr,2026-06-30T01:17:15+00:00,1,
HxXLWC_JRdM,67,“World Shaper” Full Deck Reveal & Upgrade | Edge of Eternities | The Command Zone 685 | MTG Magic,685,2025-07-09,3848,https://www.youtube.com/watch?v=HxXLWC_JRdM,complete,description-bookmarks+browser+rapidocr,2026-07-04T20:33:28+00:00,1,
3qeyIICCcqQ,68,You're Doing Commander Politics Wrong | The Command Zone 684 | MTG Magic The Gathering EDH,684,2025-07-03,3874,https://www.youtube.com/watch?v=3qeyIICCcqQ,complete,description-bookmarks+browser+rapidocr,2026-07-04T20:37:07+00:00,1,
8uxFeTgcEQY,69,The Best Token Commanders | The Command Zone 683 | MTG EDH Magic Gathering,683,2025-07-01,3996,https://www.youtube.com/watch?v=8uxFeTgcEQY,complete,description-bookmarks+browser+rapidocr,2026-07-01T03:47:01+00:00,1,
ioB2d5WW1f8,70,Are These Commander Staples Worth It? | The Command Zone 682 | MTG EDH Magic Gathering,682,2025-06-26,5107,https://www.youtube.com/watch?v=ioB2d5WW1f8,complete,description-bookmarks+browser+rapidocr,2026-07-01T03:48:16+00:00,1,
im_5XbHu4-U,71,We Draft the BIGGEST SPLASHY SORCERIES | The Command Zone 681 | MTG Magic Gathering Commander EDH,681,2025-06-18,4617,https://www.youtube.com/watch?v=im_5XbHu4-U,complete,description-bookmarks+browser+rapidocr,2026-07-01T03:50:11+00:00,1,
v3qeDhgVakw,72,Final Fantasy’s Most Iconic Commanders | The Command Zone 680 | MTG EDH Magic Gathering,680,2025-06-12,7320,https://www.youtube.com/watch?v=v3qeDhgVakw,complete,description-bookmarks+browser+rapidocr,2026-07-01T03:50:48+00:00,1,
tLncdhJj5jw,73,The Best Final Fantasy Cards (In the 99) | The Command Zone 679 | MTG EDH Magic Gathering,679,2025-06-03,8316,https://www.youtube.com/watch?v=tLncdhJj5jw,complete,description-bookmarks+browser+rapidocr,2026-07-04T20:41:46+00:00,1,
oKzgROnDNPI,74,Final Fantasy’s Most Powerful Commanders | The Command Zone 678 | MTG EDH Magic: The Gathering,678,2025-05-30,7560,https://www.youtube.com/watch?v=oKzgROnDNPI,complete,description-bookmarks+browser+rapidocr,2026-07-01T03:53:58+00:00,1,
ZqI_-DH7lBc,75,Final Fantasy 6 - Commander Deck Upgrade Guide | “Revival Trance” | The Command Zone 677 | MTG Magic,677,2025-05-27,4350,https://www.youtube.com/watch?v=ZqI_-DH7lBc,complete,description-bookmarks+browser+rapidocr,2026-07-01T03:54:48+00:00,1,
0_18LXLvR9Y,76,Final Fantasy 10 - Commander Deck Upgrade Guide | “Counter Blitz” | The Command Zone 676 | MTG Magic,676,2025-05-21,4562,https://www.youtube.com/watch?v=0_18LXLvR9Y,complete,description-bookmarks+browser+rapidocr,2026-07-01T03:55:45+00:00,1,
iyTTFy9cXYo,77,Our Final Fantasy Preview Card is a BEAST | The Command Zone | MTG EDH Magic Gathering,,2025-05-20,2334,https://www.youtube.com/watch?v=iyTTFy9cXYo,complete,description-bookmarks+browser+rapidocr,2026-07-01T03:56:45+00:00,1,
N63rsMxeOYA,78,Final Fantasy 14 - Commander Deck Upgrade Guide | “Scions & Spellcraft” | The Command Zone 675 | MTG,675,2025-05-15,4540,https://www.youtube.com/watch?v=N63rsMxeOYA,complete,description-bookmarks+browser+rapidocr,2026-07-01T03:57:14+00:00,1,
xkypTAiPbkU,79,Final Fantasy 7 - Commander Deck Upgrade Guide | “Limit Break” | The Command Zone 674 | MTG Magic,674,2025-05-13,4087,https://www.youtube.com/watch?v=xkypTAiPbkU,complete,description-bookmarks+browser+rapidocr,2026-07-01T03:58:04+00:00,1,
f4Rf4EeMh1w,80,We HATED these Commanders! Are They Still Bad? | The Command Zone 673 | MTG EDH Magic Gathering,673,2025-05-07,6006,https://www.youtube.com/watch?v=f4Rf4EeMh1w,complete,description-bookmarks+browser+rapidocr,2026-07-01T03:59:05+00:00,1,
6q0NW3lcEVI,81,"How Bad is Braids, Anyway? | The Command Zone 672 | MTG EDH Magic Gathering",672,2025-05-02,4966,https://www.youtube.com/watch?v=6q0NW3lcEVI,complete,description-bookmarks+browser+rapidocr,2026-07-01T03:59:49+00:00,1,
jQAJM1Mtoco,82,What’s Wrong with the Commander Brackets? | The Command Zone 671 | MTG EDH Magic Gathering,671,2025-04-29,5806,https://www.youtube.com/watch?v=jQAJM1Mtoco,complete,description-bookmarks+browser+rapidocr,2026-07-01T04:00:31+00:00,1,
SowjUi0QZfo,83,Major Commander UNBAN Announcement! | The Command Zone 670 | MTG EDH Magic Gathering,670,2025-04-23,7146,https://www.youtube.com/watch?v=SowjUi0QZfo,complete,description-bookmarks+browser+rapidocr,2026-07-01T04:01:21+00:00,1,
rBlD6rkZpHs,84,Tarkir: Dragonstorm’s Best Cards (In the 99) | The Command Zone 669 | MTG EDH Magic Gathering,669,2025-04-16,7855,https://www.youtube.com/watch?v=rBlD6rkZpHs,complete,description-bookmarks+browser+rapidocr,2026-07-01T04:01:53+00:00,1,
D1mxqk8enBI,85,“Mardu Surge” Precon Upgrade | Tarkir: Dragonstorm | The Command Zone 668 | MTG EDH Magic Gathering,668,2025-04-11,3907,https://www.youtube.com/watch?v=D1mxqk8enBI,complete,description-bookmarks+browser+rapidocr,2026-07-01T04:02:36+00:00,1,
Zh6se3FAglk,86,“Abzan Armor” Precon Upgrade | Tarkir: Dragonstorm | The Command Zone 667 | MTG EDH Magic Gathering,667,2025-04-08,3764,https://www.youtube.com/watch?v=Zh6se3FAglk,complete,description-bookmarks+browser+rapidocr,2026-07-01T04:03:14+00:00,1,
P0pjdWWi7bs,87,Most Powerful Commanders in Tarkir: Dragonstorm | The Command Zone 666 | MTG EDH Magic Gathering,666,2025-03-31,7530,https://www.youtube.com/watch?v=P0pjdWWi7bs,complete,description-bookmarks+browser+rapidocr,2026-07-01T04:04:13+00:00,1,
eP1HquJbP_A,88,“Temur Roar” Precon Upgrade | Tarkir: Dragonstorm | The Command Zone 665 | MTG EDH Magic Gathering,665,2025-03-28,4118,https://www.youtube.com/watch?v=eP1HquJbP_A,complete,description-bookmarks+browser+rapidocr,2026-07-01T04:05:22+00:00,1,
L1d7uUR02kg,89,“Sultai Arisen” Precon Upgrade | Tarkir: Dragonstorm | The Command Zone 664 | MTG Magic Gathering,664,2025-03-25,4108,https://www.youtube.com/watch?v=L1d7uUR02kg,complete,description-bookmarks+browser+rapidocr,2026-07-01T04:06:20+00:00,1,
e-P3IO_aAhI,90,“Jeskai Striker” Full Deck Reveal & Upgrade | Tarkir: Dragonstorm | The Command Zone 663 | MTG Magic,663,2025-03-19,4051,https://www.youtube.com/watch?v=e-P3IO_aAhI,complete,description-bookmarks+browser+rapidocr,2026-07-04T20:48:09+00:00,1,
0mB6NqCZSnc,91,The Complete Guide to Cutting Cards | The Command Zone 662 | MTG EDH Magic Gathering,662,2025-03-12,4081,https://www.youtube.com/watch?v=0mB6NqCZSnc,complete,description-bookmarks+browser+rapidocr,2026-07-01T04:09:03+00:00,1,
3u1bZQS2zdU,92,The Magic Movie: Baseless Speculation | The Command Zone 661 | MTG EDH Magic Gathering,661,2025-03-06,5937,https://www.youtube.com/watch?v=3u1bZQS2zdU,complete,description-bookmarks+browser+rapidocr,2026-07-01T04:09:58+00:00,1,
8lchMqp1sZE,93,Conceding is Salty! | Fact or Fiction? | The Command Zone 660 | MTG EDH Magic Gathering Commander,660,2025-03-04,4415,https://www.youtube.com/watch?v=8lchMqp1sZE,complete,description-bookmarks+browser+rapidocr,2026-07-01T04:10:44+00:00,1,
PUrQpnQ7bi8,94,The Problem with Deckbuilding Templates | The Command Zone 659 | MTG EDH Magic Gathering,659,2025-02-26,6399,https://www.youtube.com/watch?v=PUrQpnQ7bi8,complete,description-bookmarks+browser+rapidocr,2026-07-01T04:11:39+00:00,1,
OSNV6224cHg,95,Commander Deckbuilding Template for the New Era | The Command Zone 658 | MTG EDH Magic Gathering,658,2025-02-18,6396,https://www.youtube.com/watch?v=OSNV6224cHg,complete,description-bookmarks+browser+rapidocr,2026-07-04T20:54:26+00:00,1,
P1GFbX_7Iok,96,Will [Brackets] Solve The Power Level Problem? | The Command Zone 657 | MTG EDH Magic Gathering,657,2025-02-11,5149,https://www.youtube.com/watch?v=P1GFbX_7Iok,complete,description-bookmarks+browser+rapidocr,2026-07-01T04:14:25+00:00,1,
Yh0MkQcaPS0,97,Aetherdrift’s Best Cards (In the 99) | The Command Zone 656 | MTG EDH Magic Gathering,656,2025-02-05,7469,https://www.youtube.com/watch?v=Yh0MkQcaPS0,complete,description-bookmarks+browser+rapidocr,2026-07-04T20:58:27+00:00,1,
KLn9enP4owU,98,The Most Powerful Commanders in Aetherdrift | The Command Zone 655 | MTG EDH Magic Gathering,655,2025-01-31,9175,https://www.youtube.com/watch?v=KLn9enP4owU,complete,description-bookmarks+browser+rapidocr,2026-07-04T21:02:09+00:00,1,
8J9lOe-NhZg,99,“Eternal Might” Precon Upgrade | Aetherdrift | The Command Zone 654 | MTG EDH Magic Gathering,654,2025-01-28,4022,https://www.youtube.com/watch?v=8J9lOe-NhZg,complete,description-bookmarks+browser+rapidocr,2026-07-04T21:05:33+00:00,1,
km1f1W0Tl6k,100,“Living Energy” Full Deck Reveal & Upgrade | Aetherdrift | The Command Zone 653 | MTG EDH Magic,653,2025-01-23,3795,https://www.youtube.com/watch?v=km1f1W0Tl6k,complete,description-bookmarks+browser+rapidocr,2026-07-04T21:09:16+00:00,1,
osCDXJWm5DU,1,,,,,https://www.youtube.com/watch?v=osCDXJWm5DU,unavailable,,2026-07-01T03:38:08+00:00,0,VideoUnavailableError: YouTube | Video unavailable This video is private | Video unavailable | This video is private
DN_6bNCJ-kk,140,Who’s the Target? Lessons in Threat Assessment | The Command Zone 652 | MTG EDH Magic Gathering,652,2025-01-16,5216,https://www.youtube.com/watch?v=DN_6bNCJ-kk,complete,description-bookmarks+browser+rapidocr,2026-07-01T06:30:46+00:00,1,
MJiOaK8HiYE,141,Commanders We Refuse to Play Against | The Command Zone 651 | MTG EDH Magic Gathering,651,2025-01-09,6221,https://www.youtube.com/watch?v=MJiOaK8HiYE,complete,description-bookmarks+browser+rapidocr,2026-07-01T06:31:49+00:00,1,
Pi9UEf2o-8U,142,MTG in 2024 - Year in Review | The Command Zone 650 | Magic: The Gathering EDH,650,2025-01-02,10455,https://www.youtube.com/watch?v=Pi9UEf2o-8U,complete,description-bookmarks+browser+rapidocr,2026-07-01T06:32:29+00:00,1,
Dqaxd8fmBIw,143,A Masterclass in Priority & The Stack | The Command Zone 649 | MTG EDH Magic Gathering,649,2024-12-27,4952,https://www.youtube.com/watch?v=Dqaxd8fmBIw,complete,description-bookmarks+browser+rapidocr,2026-07-01T06:33:02+00:00,1,
peTijsKyeG0,144,We Rank Every Set from 2024 | The Command Zone 648 | MTG EDH Magic Gathering,648,2024-12-23,6568,https://www.youtube.com/watch?v=peTijsKyeG0,complete,description-bookmarks+browser+rapidocr,2026-07-01T06:33:40+00:00,1,
c6NFHG3Xk-w,146,The Best Cards of 2024 | The Command Zone 647 | MTG Magic Gathering Commander EDH,647,2024-12-17,4835,https://www.youtube.com/watch?v=c6NFHG3Xk-w,complete,description-bookmarks+browser+rapidocr,2026-07-01T06:34:14+00:00,1,
Ycy2XIPk900,147,Tips for Teaching Magic: The Gathering | The Command Zone 646 | MTG EDH Commander,646,2024-12-13,4499,https://www.youtube.com/watch?v=Ycy2XIPk900,complete,description-bookmarks+browser+rapidocr,2026-07-01T06:34:52+00:00,1,
CtzeJSx0Vk0,149,We Rank Every Precon from 2024 | The Command Zone 645 | MTG EDH Magic Gathering,645,2024-12-10,8461,https://www.youtube.com/watch?v=CtzeJSx0Vk0,complete,description-bookmarks+browser+rapidocr,2026-07-01T06:35:21+00:00,1,
EHIN-1EC-KU,150,Do We Need the “Banned as a Commander” Rule Back? | The Command Zone 644 | MTG EDH Magic Gathering,644,2024-12-05,6573,https://www.youtube.com/watch?v=EHIN-1EC-KU,complete,description-bookmarks+browser+rapidocr,2026-07-01T06:35:56+00:00,1,
JHSPSeFCaxs,151,Start Playing Commander w/ the Foundations Starter Kit | The Command Zone 643 | MTG Magic Gathering,643,2024-12-03,5005,https://www.youtube.com/watch?v=JHSPSeFCaxs,complete,description-bookmarks+browser+rapidocr,2026-07-01T06:36:25+00:00,1,
QtWyOJHUiFU,152,Magic has changed A LOT since 1994 | The Command Zone 642 | MTG EDH Magic Gathering,642,,7329,https://www.youtube.com/watch?v=QtWyOJHUiFU,retry,,2026-07-16T14:27:02+00:00,0,RuntimeError: Chrome exited before remote debugging became available
wuXUVMysjpA,154,Most Powerful Commanders | Foundations Jumpstart | The Command Zone 641 | MTG EDH Magic Gathering,641,2024-11-20,7218,https://www.youtube.com/watch?v=wuXUVMysjpA,complete,description-bookmarks+browser+rapidocr,2026-07-01T06:42:11+00:00,1,
fA6LwoKDq6s,156,Foundations' Best Cards (In the 99) | The Command Zone 640 | MTG EDH Magic Gathering,640,2024-11-12,7680,https://www.youtube.com/watch?v=fA6LwoKDq6s,complete,description-bookmarks+browser+rapidocr,2026-07-01T06:43:01+00:00,1,
WWfcx4i3Ia8,158,MARVEL + MTG: Earth’s Mightiest New Commanders! | The Command Zone 639 | EDH Magic Gathering,639,2024-11-07,6285,https://www.youtube.com/watch?v=WWfcx4i3Ia8,complete,description-bookmarks+browser+rapidocr,2026-07-01T18:18:03+00:00,1,
O-cfZ5_OMQ0,159,The Most Powerful Commanders | Foundations | The Command Zone 638 | MTG EDH Magic Gathering,638,2024-11-04,7708,https://www.youtube.com/watch?v=O-cfZ5_OMQ0,complete,description-bookmarks+browser+rapidocr,2026-07-01T06:43:46+00:00,1,
hke5GiWgMLA,160,What Are the Best 3+ Mana Rocks in Commander? | The Command Zone 637 | MTG EDH Magic: The Gathering,637,2024-10-30,4383,https://www.youtube.com/watch?v=hke5GiWgMLA,complete,description-bookmarks+browser+rapidocr,2026-07-01T06:44:32+00:00,1,
rN4-IbjxY10,161,How to Play BLUE w/ Josh Lee Kwai | The Command Zone 636 | MTG EDH Magic Gathering,636,2024-10-23,7528,https://www.youtube.com/watch?v=rN4-IbjxY10,complete,description-bookmarks+browser+rapidocr,2026-07-01T06:45:38+00:00,1,
r9wck1hVYAY,163,What Should Be Unbanned? | The Command Zone 635 | MTG EDH Magic Gathering Commander,635,2024-10-17,5818,https://www.youtube.com/watch?v=r9wck1hVYAY,complete,description-bookmarks+browser+rapidocr,2026-07-01T06:46:13+00:00,1,
eYbTaGqTwDg,164,Duskmourn’s Best Cards (In the 99) | The Command Zone 634 | MTG EDH Magic Gathering,634,2024-10-11,7862,https://www.youtube.com/watch?v=eYbTaGqTwDg,complete,description-bookmarks+browser+rapidocr,2026-07-01T06:46:58+00:00,1,
0bM6dBnKjHw,167,“Miracle Worker” Precon Upgrade | Duskmourn | The Command Zone 633 | MTG EDH Magic Gathering,633,2024-10-01,3832,https://www.youtube.com/watch?v=0bM6dBnKjHw,complete,description-bookmarks+browser+rapidocr,2026-07-01T06:47:41+00:00,1,
dLWVLujnKLM,170,The Most Powerful Commanders | Duskmourn | The Command Zone 632 | MTG EDH Magic Gathering,632,2024-09-24,7488,https://www.youtube.com/watch?v=dLWVLujnKLM,complete,description-bookmarks+browser+rapidocr,2026-07-01T06:48:21+00:00,1,
2O9jWyIGqYY,171,“Jump Scare” Precon Upgrade | Duskmourn | The Command Zone 631 | MTG EDH Magic Gathering,631,2024-09-20,3717,https://www.youtube.com/watch?v=2O9jWyIGqYY,complete,description-bookmarks+browser+rapidocr,2026-07-01T06:48:55+00:00,1,
RfnOeHj9c7w,173,“Endless Punishment” Precon Upgrade | Duskmourn | The Command Zone 630 | MTG EDH Magic Gathering,630,2024-09-17,3566,https://www.youtube.com/watch?v=RfnOeHj9c7w,complete,description-bookmarks+browser+rapidocr,2026-07-01T06:49:22+00:00,1,
uZY_rkEpTcQ,174,“Death Toll” Full Deck Reveal & Upgrade | Duskmourn | The Command Zone 629 | MTG EDH Magic,629,2024-09-12,4067,https://www.youtube.com/watch?v=uZY_rkEpTcQ,complete,description-bookmarks+browser+rapidocr,2026-07-01T06:49:52+00:00,1,
yQcH5K-oEqY,175,The Stupidest Deck I’ve Ever Built | The Command Zone 628 | MTG EDH Magic Gathering,628,2024-09-04,3002,https://www.youtube.com/watch?v=yQcH5K-oEqY,complete,description-bookmarks+browser+rapidocr,2026-07-01T06:50:28+00:00,1,
RwZiW5qBynM,176,The Most Annoying Cards in Commander | The Command Zone 627 | Magic The Gathering MTG EDH,627,2024-08-29,5907,https://www.youtube.com/watch?v=RwZiW5qBynM,complete,description-bookmarks+browser+rapidocr,2026-07-01T06:51:10+00:00,1,
gM_Q4_3-rFk,178,How to Play Group Hug w/ Jumbo Commander | The Command Zone 626 | MTG EDH Magic Gathering,626,2024-08-22,6440,https://www.youtube.com/watch?v=gM_Q4_3-rFk,complete,description-bookmarks+browser+rapidocr,2026-07-01T06:51:40+00:00,1,
mABwgkaYD78,180,Bloomburrow's Best Cards (In the 99) | The Command Zone 625 | MTG Commander EDH Magic The Gathering,625,2024-08-13,9004,https://www.youtube.com/watch?v=mABwgkaYD78,complete,description-bookmarks+browser+rapidocr,2026-07-01T06:52:15+00:00,1,
gAEp0ji6K3U,181,“Family Matters” Precon Upgrade | Bloomburrow | The Command Zone 624 | MTG Magic Gathering Commander,624,2024-08-06,3792,https://www.youtube.com/watch?v=gAEp0ji6K3U,complete,description-bookmarks+browser+rapidocr,2026-07-01T06:52:52+00:00,1,
yfvXfOtAulY,183,The Most Powerful Commanders | Bloomburrow | The Command Zone 623 | MTG EDH Magic Gathering,623,2024-07-30,7591,https://www.youtube.com/watch?v=yfvXfOtAulY,complete,description-bookmarks+browser+rapidocr,2026-07-01T06:53:05+00:00,1,
JAmxY_hPdn8,184,“Animated Army” Precon Upgrade | Bloomburrow | The Command Zone 622 | MTG EDH Magic Gathering,622,2024-07-26,4084,https://www.youtube.com/watch?v=JAmxY_hPdn8,complete,description-bookmarks+browser+rapidocr,2026-07-01T06:53:30+00:00,1,
QGeWljZSLcA,185,“Peace Offering” Precon Upgrade | Bloomburrow | The Command Zone 621 | MTG EDH Magic Gathering,621,2024-07-23,5122,https://www.youtube.com/watch?v=QGeWljZSLcA,complete,description-bookmarks+browser+rapidocr,2026-07-01T06:53:56+00:00,1,
gkwO1W3YU6Q,186,“Squirreled Away” Full Deck Reveal & Upgrade - Bloomburrow | The Command Zone 620 | MTG EDH Magic,620,2024-07-18,3850,https://www.youtube.com/watch?v=gkwO1W3YU6Q,complete,description-bookmarks+browser+rapidocr,2026-07-01T06:54:37+00:00,1,
YBoVPW0wvhY,189,"We Draft the Best “Gotcha"" Spells in Commander | The Command Zone 619 | MTG EDH Magic Gathering",619,2024-07-11,5394,https://www.youtube.com/watch?v=YBoVPW0wvhY,complete,description-bookmarks+browser+rapidocr,2026-07-01T06:55:03+00:00,1,
DbZ06RkMzZM,190,Cards You Need to Know from Assassin’s Creed | The Command Zone 618 | MTG EDH Magic Gathering,618,2024-07-05,8043,https://www.youtube.com/watch?v=DbZ06RkMzZM,complete,description-bookmarks+browser+rapidocr,2026-07-01T06:55:39+00:00,1,
Cms0pC17QOI,192,“Tricky Terrain” Precon Upgrade | Modern Horizons 3 | The Command Zone 617 | MTG Commander Magic,617,2024-06-28,5253,https://www.youtube.com/watch?v=Cms0pC17QOI,complete,description-bookmarks+browser+rapidocr,2026-07-01T06:56:12+00:00,1,
JKQZ8pSh730,193,The Best Cards (In the 99) from Modern Horizons 3 | The Command Zone 616 | MTG Magic Commander,616,2024-06-25,7798,https://www.youtube.com/watch?v=JKQZ8pSh730,complete,description-bookmarks+browser+rapidocr,2026-07-01T06:56:37+00:00,1,
-hvdCNLnfo8,195,We Rank the MDFCs in MH3 | The Command Zone 615 | MTG EDH Magic Gathering,615,2024-06-19,4288,https://www.youtube.com/watch?v=-hvdCNLnfo8,complete,description-bookmarks+browser+rapidocr,2026-07-01T06:57:07+00:00,1,
WrP4EbXCi9Y,196,We Reveal a Brand New Assassin’s Creed Card | The Command Zone 614 | MTG Magic Gathering Commander,614,2024-06-18,1726,https://www.youtube.com/watch?v=WrP4EbXCi9Y,complete,description-bookmarks+browser+rapidocr,2026-07-01T06:57:48+00:00,1,
LR5HnlH1qcA,197,“Graveyard Overdrive” Precon Upgrade | Modern Horizons 3 | The Command Zone 613 | MTG EDH Magic,613,2024-06-14,4609,https://www.youtube.com/watch?v=LR5HnlH1qcA,complete,description-bookmarks+browser+rapidocr,2026-07-01T06:58:23+00:00,1,
ChVK6K-BzaQ,199,“Eldrazi Incursion” Precon Upgrade | Modern Horizons 3 | The Command Zone 612 | MTG EDH Magic,612,2024-06-11,5166,https://www.youtube.com/watch?v=ChVK6K-BzaQ,complete,description-bookmarks+browser+rapidocr,2026-07-01T06:58:42+00:00,1,
CLdcW1y_JFs,201,Most Powerful Commanders from Modern Horizons 3 | The Command Zone 611 | MTG EDH Magic Gathering MH3,611,2024-06-05,8239,https://www.youtube.com/watch?v=CLdcW1y_JFs,complete,description-bookmarks+browser+rapidocr,2026-07-01T06:58:59+00:00,1,
aMDfxMA0w3k,202,“Creative Energy” Precon Upgrade | Modern Horizons 3 | The Command Zone 610 | Magic Gathering MTG,610,2024-05-31,5272,https://www.youtube.com/watch?v=aMDfxMA0w3k,complete,description-bookmarks+browser+rapidocr,2026-07-01T06:59:34+00:00,1,
MPpkIP1U8KM,203,“Tricky Terrain” Full Deck Reveal - Modern Horizons 3 | The Command Zone 609 | MTG EDH Magic,609,2024-05-29,3035,https://www.youtube.com/watch?v=MPpkIP1U8KM,complete,description-bookmarks+browser+rapidocr,2026-07-01T07:00:14+00:00,1,
NNv2uWeCS50,204,Master Deck Building w/ These Scryfall Hacks | The Command Zone 608 | MTG Magic Gathering Commander,608,2024-05-23,5907,https://www.youtube.com/watch?v=NNv2uWeCS50,complete,description-bookmarks+browser+rapidocr,2026-07-01T07:00:49+00:00,1,
36mEaTK9Fu4,206,Level Up Your Combat Phase | The Command Zone 607 | MTG EDH Magic Gathering,607,2024-05-15,5970,https://www.youtube.com/watch?v=36mEaTK9Fu4,complete,description-bookmarks+browser+rapidocr,2026-07-01T07:01:46+00:00,1,
n-s47Bf93rU,207,How to Play GREEN w/ Brian Kibler | The Command Zone 606 | MTG Magic @bmkibler @commanderathome,606,2024-05-08,7513,https://www.youtube.com/watch?v=n-s47Bf93rU,complete,description-bookmarks+browser+rapidocr,2026-07-01T07:02:24+00:00,1,
knhnCHaNZRQ,208,"Game Knights Isn’t Scripted, BUT… | The Command Zone 605 | MTG EDH Magic Gathering",605,2024-05-02,7893,https://www.youtube.com/watch?v=knhnCHaNZRQ,complete,description-bookmarks+browser+rapidocr,2026-07-01T07:03:03+00:00,1,
URtAGnwD_Ho,209,The Best Cards (In the 99) from Outlaws of Thunder Junction | The Command Zone 604 | MTG EDH Magic,604,2024-04-25,8454,https://www.youtube.com/watch?v=URtAGnwD_Ho,complete,description-bookmarks+browser+rapidocr,2026-07-01T07:03:36+00:00,1,
9d9zqLvzR_E,211,“Most Wanted” Precon Upgrade | Outlaws of Thunder Junction | The Command Zone 603 | MTG EDH Magic,603,2024-04-19,3891,https://www.youtube.com/watch?v=9d9zqLvzR_E,complete,description-bookmarks+browser+rapidocr,2026-07-01T07:04:18+00:00,1,
gnUsQg6NNV4,213,“Grand Larceny” Precon Upgrade | Outlaws of Thunder Junction | The Command Zone 602 | MTG EDH Magic,602,2024-04-16,4872,https://www.youtube.com/watch?v=gnUsQg6NNV4,complete,description-bookmarks+browser+rapidocr,2026-07-01T07:04:33+00:00,1,
noRbaO3CirU,214,“Desert Bloom” Precon Upgrade | Outlaws of Thunder Junction | The Command Zone 601 | MTG EDH Magic,601,2024-04-11,3966,https://www.youtube.com/watch?v=noRbaO3CirU,complete,description-bookmarks+browser+rapidocr,2026-07-01T07:05:19+00:00,1,
H8ZUxaeyvlY,215,“Quick Draw” Precon Upgrade | Outlaws of Thunder Junction | The Command Zone 600 | MTG EDH Magic,600,2024-04-09,4989,https://www.youtube.com/watch?v=H8ZUxaeyvlY,complete,description-bookmarks+browser+rapidocr,2026-07-01T07:06:35+00:00,1,
L22gaWp6GVQ,216,Most Powerful Commanders from Outlaws of Thunder Junction | The Command Zone 599 | MTG EDH Magic,599,2024-04-05,7821,https://www.youtube.com/watch?v=L22gaWp6GVQ,complete,description-bookmarks+browser+rapidocr,2026-07-01T07:07:14+00:00,1,
rURePA5zR6M,217,“Most Wanted” Full Deck Reveal - Outlaws of Thunder Junction | The Command Zone 598 | MTG EDH Magic,598,2024-04-04,2699,https://www.youtube.com/watch?v=rURePA5zR6M,complete,description-bookmarks+browser+rapidocr,2026-07-01T18:21:49+00:00,1,
fWiXZAfIH2Y,218,The Unwritten Rules of Commander | The Command Zone 597 | MTG EDH Magic Gathering,597,2024-03-28,5875,https://www.youtube.com/watch?v=fWiXZAfIH2Y,complete,description-bookmarks+browser+rapidocr,2026-07-01T07:08:36+00:00,1,
swjL6prGShE,221,Do This One Thing to Win More Games | How to Playtest | The Command Zone 596 | MTG Commander Magic,596,2024-03-19,7024,https://www.youtube.com/watch?v=swjL6prGShE,complete,description-bookmarks+browser+rapidocr,2026-07-01T07:09:46+00:00,1,
w_d47pXuCOo,222,We Draft the Best Planeswalkers in Commander | The Command Zone 595 | MTG EDH Magic Gathering,595,2024-03-14,4302,https://www.youtube.com/watch?v=w_d47pXuCOo,complete,description-bookmarks+browser+rapidocr,2026-07-01T07:10:20+00:00,1,
bIGbLd3_8AE,225,Every Card You Need to Know from Fallout | The Command Zone 594 | MTG EDH Magic Gathering,594,2024-03-05,6111,https://www.youtube.com/watch?v=bIGbLd3_8AE,complete,description-bookmarks+browser+rapidocr,2026-07-01T07:10:43+00:00,1,
jOzucv3vc74,226,Fallout Precon Upgrade Guide w/ Kyle Hill | SCIENCE! vs Mutant Menace | The Command Zone 593 | MTG,593,2024-02-29,8201,https://www.youtube.com/watch?v=jOzucv3vc74,complete,description-bookmarks+browser+rapidocr,2026-07-01T07:11:22+00:00,1,
yXVt0ILwvVY,227,"Fallout Precon Upgrade Guides | Hail, Caesar vs Scrappy Survivors | The Command Zone 592",592,2024-02-27,5286,https://www.youtube.com/watch?v=yXVt0ILwvVY,complete,description-bookmarks+browser+rapidocr,2026-07-01T07:12:02+00:00,1,
lhU4LTnwQQA,228,How to Become a GENIUS at Commander | The Command Zone 591 | MTG EDH Magic Gathering,591,2024-02-22,5004,https://www.youtube.com/watch?v=lhU4LTnwQQA,complete,description-bookmarks+browser+rapidocr,2026-07-01T07:12:53+00:00,1,
jDUwuYQt48s,229,Official Fallout Preview Card | The Command Zone 590 | MTG Commander EDH Magic: The Gathering,590,2024-02-21,2769,https://www.youtube.com/watch?v=jDUwuYQt48s,complete,description-bookmarks+browser+rapidocr,2026-07-01T07:13:33+00:00,1,
aMqF_1SzFt4,231,The Best Cards (In the 99) from Murders at Karlov Manor | The Command Zone 589 | MTG EDH Magic,589,2024-02-13,7519,https://www.youtube.com/watch?v=aMqF_1SzFt4,complete,description-bookmarks+browser+rapidocr,2026-07-01T07:14:02+00:00,1,
9LqXl99Uv-s,233,Karlov Manor Precon Upgrades & Comparison | Deep Clue Sea vs Blame Game | The Command Zone 588,588,2024-02-05,5729,https://www.youtube.com/watch?v=9LqXl99Uv-s,complete,description-bookmarks+browser+rapidocr,2026-07-01T07:14:35+00:00,1,
5T3pMi6o2zM,234,Karlov Manor Precon Upgrades & Comparison | Deadly Disguise vs Revenant Recon | The Command Zone 587,587,2024-01-31,5361,https://www.youtube.com/watch?v=5T3pMi6o2zM,complete,description-bookmarks+browser+rapidocr,2026-07-01T07:15:35+00:00,1,
PHV1VtYof98,235,Most Powerful Commanders from Murders at Karlov Manor | The Command Zone 586 | MTG EDH Magic,586,2024-01-26,7188,https://www.youtube.com/watch?v=PHV1VtYof98,complete,description-bookmarks+browser+rapidocr,2026-07-01T07:16:16+00:00,1,
053iZT8Lqws,236,“Deep Clue Sea” Full Deck Reveal - Murders at Karlov Manor | The Command Zone 585 | MTG EDH Magic,585,2024-01-24,3009,https://www.youtube.com/watch?v=053iZT8Lqws,complete,description-bookmarks+browser+rapidocr,2026-07-01T18:26:00+00:00,1,
0qnFxDNz0bI,238,Cards that Change Your Deck's Power Level | The Command Zone 584 | MTG EDH Magic Gathering,584,2024-01-17,9025,https://www.youtube.com/watch?v=0qnFxDNz0bI,complete,description-bookmarks+browser+rapidocr,2026-07-01T07:22:19+00:00,1,
gjFvLb3tM5U,239,Most Powerful Old School Commanders | The Command Zone 583 | MTG EDH Magic Gathering,583,2024-01-10,5488,https://www.youtube.com/watch?v=gjFvLb3tM5U,complete,description-bookmarks+browser+rapidocr,2026-07-01T18:29:55+00:00,1,
wO0e2Bmb3Ac,240,Our Commander New Year's Resolutions | The Command Zone 582 | MTG EDH Magic Gathering,582,2024-01-04,3817,https://www.youtube.com/watch?v=wO0e2Bmb3Ac,complete,description-bookmarks+browser+rapidocr,2026-07-01T07:27:44+00:00,1,
yyKTuO3f6Zg,241,MTG in 2023 - Year in Review | The Command Zone 581 | Magic: the Gathering Commander EDH Podcast,581,2023-12-28,11510,https://www.youtube.com/watch?v=yyKTuO3f6Zg,complete,description-bookmarks+browser+rapidocr,2026-07-01T07:28:11+00:00,1,
oYdyAQkJyik,243,We Rank Every Precon from 2023 | The Command Zone 580 | MTG EDH Magic Gathering,580,2023-12-19,9474,https://www.youtube.com/watch?v=oYdyAQkJyik,complete,description-bookmarks+browser+rapidocr,2026-07-01T07:28:45+00:00,1,
ERcLhi1LTMU,244,Jimmy’s Personal Commander Decks | The Command Zone 579 | MTG EDH Magic Gathering,579,2023-12-13,5866,https://www.youtube.com/watch?v=ERcLhi1LTMU,complete,description-bookmarks+browser+rapidocr,2026-07-01T07:29:48+00:00,1,
OYKcJZ61Vv4,245,How to Play BLACK w/ Ladee Danger | The Command Zone 578 | MTG EDH Magic Gathering,578,2023-12-05,7192,https://www.youtube.com/watch?v=OYKcJZ61Vv4,complete,description-bookmarks+browser+rapidocr,2026-07-01T07:30:24+00:00,1,
sIyNw06rTko,247,We Draft the Best Utility Lands in Commander | The Command Zone 577 | MTG EDH Magic Gathering,577,2023-11-27,3553,https://www.youtube.com/watch?v=sIyNw06rTko,complete,description-bookmarks+browser+rapidocr,2026-07-01T07:31:02+00:00,1,
eDllfszXP0U,248,Vampire Precon Upgrade Guide | “Blood Rites” | Lost Caverns of Ixalan | The Command Zone 576,576,2023-11-22,4899,https://www.youtube.com/watch?v=eDllfszXP0U,complete,description-bookmarks+browser+rapidocr,2026-07-01T07:31:41+00:00,1,
a3a9nXnCiRs,249,The Best Cards (In the 99) from Lost Caverns of Ixalan | The Command Zone 575 | MTG EDH Magic,575,2023-11-20,9473,https://www.youtube.com/watch?v=a3a9nXnCiRs,complete,description-bookmarks+browser+rapidocr,2026-07-01T18:33:39+00:00,1,
SoGS7ve9MGM,250,Pirate Precon Upgrade Guide | “Ahoy Mateys” | Lost Caverns of Ixalan | The Command Zone 574,574,2023-11-17,4452,https://www.youtube.com/watch?v=SoGS7ve9MGM,complete,description-bookmarks+browser+rapidocr,2026-07-01T07:37:21+00:00,1,
Dyp5B4jutCY,252,Merfolk Precon Upgrade | “Explorers of the Deep” | Lost Caverns of Ixalan | The Command Zone 573,573,2023-11-13,5095,https://www.youtube.com/watch?v=Dyp5B4jutCY,complete,description-bookmarks+browser+rapidocr,2026-07-01T07:37:47+00:00,1,
Gd6HeLT4hrY,253,Dinosaur Precon Upgrade Guide | “Veloci-Ramp-Tor” | Lost Caverns of Ixalan | The Command Zone 572,572,2023-11-09,4571,https://www.youtube.com/watch?v=Gd6HeLT4hrY,complete,description-bookmarks+browser+rapidocr,2026-07-01T07:38:04+00:00,1,
pjAn9kSqhfs,254,Most Powerful Commanders from Lost Caverns of Ixalan | The Command Zone 571 | MTG EDH Magic,571,2023-11-07,10619,https://www.youtube.com/watch?v=pjAn9kSqhfs,complete,description-bookmarks+browser+rapidocr,2026-07-01T18:36:43+00:00,1,
MTbT-2xYfAU,255,“Blood Rites” Full Deck Reveal - Lost Caverns of Ixalan | The Command Zone 570 | MTG Commander Magic,570,2023-11-01,3067,https://www.youtube.com/watch?v=MTbT-2xYfAU,complete,description-bookmarks+browser+rapidocr,2026-07-01T07:43:48+00:00,1,
IOCar-pgdh4,256,The Best Cards (In the 99) from Doctor Who | The Command Zone 569 | MTG EDH Magic Gathering,569,2023-10-30,8173,https://www.youtube.com/watch?v=IOCar-pgdh4,complete,description-bookmarks+browser+rapidocr,2026-07-01T07:44:14+00:00,1,
upV7Q0YND3c,258,“Paradox Power” Doctor Who Precon Upgrade | The Command Zone 568 | MTG EDH Magic Gathering,568,2023-10-25,4466,https://www.youtube.com/watch?v=upV7Q0YND3c,complete,description-bookmarks+browser+rapidocr,2026-07-01T07:44:42+00:00,1,
G5nicVKE5p8,259,The Best Doctors (and Companions) in Doctor Who | The Command Zone 567 | Magic MTG EDH Commander,567,2023-10-23,8193,https://www.youtube.com/watch?v=G5nicVKE5p8,complete,description-bookmarks+browser+rapidocr,2026-07-01T07:45:16+00:00,1,
DYH4rKEVfsw,260,“Blast from the Past” Doctor Who Precon Upgrade | The Command Zone 566 | MTG EDH Magic Commander,566,2023-10-20,3826,https://www.youtube.com/watch?v=DYH4rKEVfsw,complete,description-bookmarks+browser+rapidocr,2026-07-01T18:39:46+00:00,1,
hePGRRVKhkI,262,“Masters of Evil” Doctor Who Precon Upgrade | The Command Zone 565 | MTG EDH Magic Commander,565,2023-10-16,4753,https://www.youtube.com/watch?v=hePGRRVKhkI,complete,description-bookmarks+browser+rapidocr,2026-07-01T07:51:27+00:00,1,
q8Q4H27nN9k,263,“Timey-Wimey” Doctor Who Precon Upgrade | The Command Zone 564 | MTG EDH Magic Gathering Commander,564,2023-10-13,4222,https://www.youtube.com/watch?v=q8Q4H27nN9k,complete,description-bookmarks+browser+rapidocr,2026-07-01T07:52:01+00:00,1,
C8tdw7pAFBA,265,The Most Powerful Commanders in Doctor Who | The Command Zone 563 | MTG EDH Magic Gathering,563,2023-10-09,6144,https://www.youtube.com/watch?v=C8tdw7pAFBA,complete,description-bookmarks+browser+rapidocr,2026-07-01T07:52:47+00:00,1,
pS13XyQcD5k,267,We Draft the Best Equipment in Commander | The Command Zone 562 | MTG EDH Magic Gathering,562,2023-10-02,4195,https://www.youtube.com/watch?v=pS13XyQcD5k,complete,description-bookmarks+browser+rapidocr,2026-07-01T07:53:22+00:00,1,
5lOVb4885_I,269,Commanders We Hate Playing Against | The Command Zone 561 | MTG EDH Magic Gathering Deckbuilding,561,2023-09-26,5291,https://www.youtube.com/watch?v=5lOVb4885_I,complete,description-bookmarks+browser+rapidocr,2026-07-01T07:54:23+00:00,1,
7eBGjtysGcY,270,You're Reading Cards WRONG | The Command Zone 560 | EDH MTG Commander,560,2023-09-19,5942,https://www.youtube.com/watch?v=7eBGjtysGcY,complete,description-bookmarks+browser+rapidocr,2026-07-01T07:55:21+00:00,1,
xW7oc4hxeLE,271,The Best Wilds of Eldraine Cards (In The 99) | The Command Zone 559 | MTG EDH Magic Commander,559,2023-09-12,9090,https://www.youtube.com/watch?v=xW7oc4hxeLE,complete,description-bookmarks+browser+rapidocr,2026-07-01T07:56:31+00:00,1,
daqy8_hvsRA,273,“Fae Dominion” Wilds of Eldraine Precon Upgrade Guide | The Command Zone 558 | MTG EDH Magic,558,2023-09-04,4020,https://www.youtube.com/watch?v=daqy8_hvsRA,complete,description-bookmarks+browser+rapidocr,2026-07-01T07:57:49+00:00,1,
XSqsxRT4NVU,274,The Spiciest Wilds of Eldraine Commanders | The Command Zone 557 | MTG EDH Magic,557,2023-08-31,7686,https://www.youtube.com/watch?v=XSqsxRT4NVU,complete,description-bookmarks+browser+rapidocr,2026-07-01T07:58:31+00:00,1,
p7bqTM3yAPI,275,“Virtue and Valor” Wilds of Eldraine Precon Upgrade Guide | The Command Zone 556 | MTG EDH Magic,556,2023-08-29,3541,https://www.youtube.com/watch?v=p7bqTM3yAPI,complete,description-bookmarks+browser+rapidocr,2026-07-01T07:59:20+00:00,1,
1DXu-QRjL4c,276,Wilds of Eldraine Commanders You HAVE to Build | The Command Zone 555 | MTG EDH Magic Gathering,555,2023-08-25,6342,https://www.youtube.com/watch?v=1DXu-QRjL4c,complete,description-bookmarks+browser+rapidocr,2026-07-01T08:00:02+00:00,1,
-bY4zxb_U3Q,277,“Fae Dominion” Full Deck Reveal - Wilds of Eldraine | The Command Zone 554 | MTG EDH Magic Gathering,554,2023-08-23,3252,https://www.youtube.com/watch?v=-bY4zxb_U3Q,complete,description-bookmarks+browser+rapidocr,2026-07-01T08:01:17+00:00,1,
pZammxuR_PY,280,Underrated Commanders that Should Be More Popular | The Command Zone 553 | MTG EDH Magic Gathering,553,2023-08-15,7278,https://www.youtube.com/watch?v=pZammxuR_PY,complete,description-bookmarks+browser+rapidocr,2026-07-01T08:02:22+00:00,1,
cJdyAZ-btWU,282,“Enduring Enchantments” Commander Masters Precon Upgrade Guide | The Command Zone 552 | MTG EDH,552,2023-08-08,3413,https://www.youtube.com/watch?v=cJdyAZ-btWU,complete,description-bookmarks+browser+rapidocr,2026-07-01T08:02:59+00:00,1,
-xHia4igdVM,283,“Eldrazi Unbound” Commander Masters Precon Upgrade Guide | The Command Zone 551 | MTG EDH Magic,551,2023-08-04,3952,https://www.youtube.com/watch?v=-xHia4igdVM,complete,description-bookmarks+browser+rapidocr,2026-07-01T08:03:34+00:00,1,
lut1vHn4FxA,285,Most BUSTED New Cards from CMM | The Command Zone 550 | MTG EDH Magic the Gathering,550,2023-08-01,8178,https://www.youtube.com/watch?v=lut1vHn4FxA,complete,description-bookmarks+browser+rapidocr,2026-07-01T08:04:03+00:00,1,
XvLWezTXjMk,286,“Sliver Swarm” Commander Masters Precon Upgrade Guide | The Command Zone 549 | MTG EDH Magic,549,2023-07-27,3978,https://www.youtube.com/watch?v=XvLWezTXjMk,complete,description-bookmarks+browser+rapidocr,2026-07-01T08:04:37+00:00,1,
TC0DXuCK2AI,287,“Planeswalker Party” Commander Masters Precon Upgrade Guide | The Command Zone 548 | MTG EDH Magic,548,2023-07-25,4458,https://www.youtube.com/watch?v=TC0DXuCK2AI,complete,description-bookmarks+browser+rapidocr,2026-07-01T08:05:15+00:00,1,
WARcYHfIbeg,289,Commander Masters “Enduring Enchantments” Full Precon Reveal | The Command Zone 547 | MTG EDH Magic,547,2023-07-19,3559,https://www.youtube.com/watch?v=WARcYHfIbeg,complete,description-bookmarks+browser+rapidocr,2026-07-01T08:05:47+00:00,1,
Hvfa6p10H6c,290,How to Play WHITE w/ Rachel Weeks | The Command Zone 546 | MTG Commander,546,2023-07-17,4526,https://www.youtube.com/watch?v=Hvfa6p10H6c,complete,description-bookmarks+browser+rapidocr,2026-07-01T08:06:28+00:00,1,
CKw9MNliFSs,291,The Most Interesting Commanders in LOTR | The Command Zone 545 | MTG Commander Lord of the Rings,545,2023-07-11,8855,https://www.youtube.com/watch?v=CKw9MNliFSs,complete,description-bookmarks+browser+rapidocr,2026-07-01T18:43:14+00:00,1,
GHK0whGDyEM,292,“Riders of Rohan” LOTR Precon Upgrade Guide | The Command Zone 544 | MTG Commander Lord of the Rings,544,2023-07-07,4123,https://www.youtube.com/watch?v=GHK0whGDyEM,complete,description-bookmarks+browser+rapidocr,2026-07-01T08:12:14+00:00,1,
zgM_XDIYtag,293,The Most Flavorful Commanders in LOTR | The Command Zone 543 | MTG Magic Commander Lord of the Rings,543,2023-07-05,7263,https://www.youtube.com/watch?v=zgM_XDIYtag,complete,description-bookmarks+browser+rapidocr,2026-07-01T08:12:49+00:00,1,
GRbhbfUP7VQ,294,The Best LOTR Cards (In the 99) | The Command Zone 542 | MTG Magic Commander Lord of the Rings EDH,542,2023-06-30,8887,https://www.youtube.com/watch?v=GRbhbfUP7VQ,complete,description-bookmarks+browser+rapidocr,2026-07-01T08:13:25+00:00,1,
aLK7p5EOWFE,296,“Hosts of Mordor” LOTR Precon Upgrade Guide | The Command Zone 541 | MTG Commander Lord of the Rings,541,2023-06-26,3730,https://www.youtube.com/watch?v=aLK7p5EOWFE,complete,description-bookmarks+browser+rapidocr,2026-07-01T08:14:16+00:00,1,
XPh0M1TPzwY,298,“Elven Council” LOTR Precon Upgrade Guide | The Command Zone 540 | MTG Commander Lord of the Rings,540,2023-06-19,4046,https://www.youtube.com/watch?v=XPh0M1TPzwY,complete,description-bookmarks+browser+rapidocr,2026-07-01T08:15:16+00:00,1,
N4VUMc0GCvo,299,LOTR’s New Mechanic is ALL POWERFUL | The Command Zone 539 | Magic MTG Commander Lord of the Rings,539,2023-06-16,6518,https://www.youtube.com/watch?v=N4VUMc0GCvo,complete,description-bookmarks+browser+rapidocr,2026-07-01T18:46:22+00:00,1,
j0pTBs2CeKo,300,“Food and Fellowship” LOTR Precon Upgrade | The Command Zone 538 | MTG Lord of the Rings Commander,538,2023-06-14,4567,https://www.youtube.com/watch?v=j0pTBs2CeKo,complete,description-bookmarks+browser+rapidocr,2026-07-01T08:20:57+00:00,1,
9Lo-e9WynqA,301,These LOTR Commanders are BUSTED! | The Command Zone 537 | Magic The Gathering Lord of the Rings,537,2023-06-12,9181,https://www.youtube.com/watch?v=9Lo-e9WynqA,complete,description-bookmarks+browser+rapidocr,2026-07-01T08:21:38+00:00,1,
bDmPfEeo69o,302,LOTR “Riders of Rohan” Full Precon Reveal | The Command Zone 536 | Magic The Gathering Commander EDH,536,2023-06-08,2948,https://www.youtube.com/watch?v=bDmPfEeo69o,complete,description-bookmarks+browser+rapidocr,2026-07-01T08:22:16+00:00,1,
LCqGf27Xyvk,303,Rachel’s Personal Commander Decks | The Command Zone 535 | Magic The Gathering Deckbuilding MTG EDH,535,2023-06-06,4958,https://www.youtube.com/watch?v=LCqGf27Xyvk,complete,description-bookmarks+browser+rapidocr,2026-07-01T08:23:09+00:00,1,
_zYgDmEOxNE,304,How to Play RED with Jimmy Wong | The Command Zone 534 | Commander Deckbuilding MTG EDH,534,2023-06-01,5678,https://www.youtube.com/watch?v=_zYgDmEOxNE,complete,description-bookmarks+browser+rapidocr,2026-07-01T08:23:50+00:00,1,
gaJ_2gyLbC4,307,Compleated Commanders - March of the Machine  | The Command Zone 533 | Magic Commander EDH,533,2023-05-23,6584,https://www.youtube.com/watch?v=gaJ_2gyLbC4,complete,description-bookmarks+browser+rapidocr,2026-07-01T08:24:25+00:00,1,
go8LnaazQ60,310,“Cavalry Charge” Precon Budget Upgrade - March of the Machine | The Command Zone 531 | Commander MTG,531,2023-05-10,3904,https://www.youtube.com/watch?v=go8LnaazQ60,complete,description-bookmarks+browser+rapidocr,2026-07-01T08:24:52+00:00,1,
KGLtZ4DledU,311,AFTERMATH: Cards You Need to Know | The Command Zone 530 | Magic: The Gathering Commander MTG EDH,530,2023-05-04,7171,https://www.youtube.com/watch?v=KGLtZ4DledU,complete,description-bookmarks+browser+rapidocr,2026-07-01T08:25:27+00:00,1,
J3ADtaBWX68,312,The Best Cards (In the 99) - March of the Machine | The Command Zone 529 | Magic Gathering Commander,529,2023-05-02,7975,https://www.youtube.com/watch?v=J3ADtaBWX68,complete,description-bookmarks+browser+rapidocr,2026-07-01T08:25:57+00:00,1,
-PBKuwy3YZ4,314,“Call for Backup” Precon Budget Upgrade - March of the Machine | The Command Zone 528 | Commander,528,2023-04-25,3479,https://www.youtube.com/watch?v=-PBKuwy3YZ4,complete,description-bookmarks+browser+rapidocr,2026-07-01T08:26:31+00:00,1,
7FgN_8JFclc,316,“Tinker Time” Precon Budget Upgrade - March of the Machine | The Command Zone 527 | EDH Commander,527,2023-04-17,3674,https://www.youtube.com/watch?v=7FgN_8JFclc,complete,description-bookmarks+browser+rapidocr,2026-07-01T08:27:00+00:00,1,
GjvdYPVQze8,317,Which Praetor Is Most Powerful? | March of the Machine | The Command Zone 526 | EDH Commander MTG,526,2023-04-14,5724,https://www.youtube.com/watch?v=GjvdYPVQze8,complete,description-bookmarks+browser+rapidocr,2026-07-01T08:27:33+00:00,1,
vqI6jVCv-bs,318,“Growing Threat” Precon Budget Upgrade - March of the Machine | The Command Zone 525 | Magic MTG,525,2023-04-12,4235,https://www.youtube.com/watch?v=vqI6jVCv-bs,complete,description-bookmarks+browser+rapidocr,2026-07-01T08:28:09+00:00,1,
BCGVRxP68LE,319,March of the Machine - Team Up Commanders (Part 2) | The Command Zone 524 | Magic Commander EDH,524,2023-04-10,6719,https://www.youtube.com/watch?v=BCGVRxP68LE,complete,description-bookmarks+browser+rapidocr,2026-07-01T08:28:41+00:00,1,
AgsbvCiFnvg,320,March of the Machine - Team Up Commanders (Part 1) | The Command Zone 523 | Magic Commander EDH,523,2023-04-06,6825,https://www.youtube.com/watch?v=AgsbvCiFnvg,complete,description-bookmarks+browser+rapidocr,2026-07-01T08:29:27+00:00,1,
ztAt03EG140,321,“Divine Convocation” Precon Reveal - March of the Machine | The Command Zone 522 | MTG Commander EDH,522,2023-04-04,3057,https://www.youtube.com/watch?v=ztAt03EG140,complete,description-bookmarks+browser+rapidocr,2026-07-04T21:14:37+00:00,1,
ShTFssyDRio,323,Rules Magic Players Keep Getting Wrong | The Command Zone 521 | Commander EDH,521,2023-03-28,5210,https://www.youtube.com/watch?v=ShTFssyDRio,complete,description-bookmarks+browser+rapidocr,2026-07-01T08:35:05+00:00,1,
ZA7nX9f19yw,324,Scariest Commanders to Play Against | The Command Zone 520 | Magic The Gathering Commander EDH,520,2023-03-21,5483,https://www.youtube.com/watch?v=ZA7nX9f19yw,complete,description-bookmarks+browser+rapidocr,2026-07-01T08:36:10+00:00,1,
-1cF7-WCQeQ,326,How to Build a Deck You Love to Play | The Command Zone 519 | Magic The Gathering Commander EDH,519,2023-03-14,4172,https://www.youtube.com/watch?v=-1cF7-WCQeQ,complete,description-bookmarks+browser+rapidocr,2026-07-01T08:36:43+00:00,1,
BTsMQiKb8jA,328,Commander Staples That Aren’t Worth the Price | The Command Zone 518 | Magic The Gathering EDH,518,2023-03-07,6618,https://www.youtube.com/watch?v=BTsMQiKb8jA,complete,description-bookmarks+browser+rapidocr,2026-07-01T19:12:46+00:00,1,
iSfD_dI9SQc,330,Bad Magic Cards (We Play Them Anyway) | The Command Zone 517 | Magic The Gathering Commander,517,2023-02-28,3488,https://www.youtube.com/watch?v=iSfD_dI9SQc,complete,description-bookmarks+browser+rapidocr,2026-07-04T21:17:20+00:00,1,
osaumP0BPCs,332,How To Play Infect with Mr. Infect | The Command Zone 516 | Magic: The Gathering Commander EDH,516,2023-02-22,4737,https://www.youtube.com/watch?v=osaumP0BPCs,complete,description-bookmarks+browser+rapidocr,2026-07-01T19:16:05+00:00,1,
1Ibh_3qF2ac,333,The Best Cards (In the 99) from All Will Be One | The Command Zone 515 | Magic MTG Commander EDH,515,2023-02-14,8773,https://www.youtube.com/watch?v=1Ibh_3qF2ac,complete,description-bookmarks+browser+rapidocr,2026-07-01T19:18:54+00:00,1,
a4v6pSOsC9c,335,New Commander Staples from All Will Be One? | The Command Zone 514 | Magic The Gathering EDH Podcast,514,2023-02-06,5434,https://www.youtube.com/watch?v=a4v6pSOsC9c,complete,description-bookmarks+browser+rapidocr,2026-07-01T19:21:50+00:00,1,
5gL8VKohPF4,336,The Best Mono-Colored Commanders from All Will Be One | The Command Zone 513 | MTG EDH Podcast,513,2023-02-03,6792,https://www.youtube.com/watch?v=5gL8VKohPF4,complete,description-bookmarks+browser+rapidocr,2026-07-01T19:24:43+00:00,1,
VsVloLR-cgo,338,The Best Multi-Colored Commanders from All Will Be One | The Command Zone 512 | MTG EDH Podcast,512,2023-01-27,6624,https://www.youtube.com/watch?v=VsVloLR-cgo,complete,description-bookmarks+browser+rapidocr,2026-07-01T19:28:16+00:00,1,
21ExoXSsFvU,340,“Corrupting Influence” Budget Upgrade Guide - Phyrexia: All Will Be One | The Command Zone 511,511,2023-01-23,3948,https://www.youtube.com/watch?v=21ExoXSsFvU,complete,description-bookmarks+browser+rapidocr,2026-07-01T19:31:47+00:00,1,
NFR6GxUuKqI,341,“Rebellion Rising” Budget Upgrade Guide - Phyrexia: All Will Be One | The Command Zone 510 | Magic,510,2023-01-20,4385,https://www.youtube.com/watch?v=NFR6GxUuKqI,complete,description-bookmarks+browser+rapidocr,2026-07-04T21:20:54+00:00,1,
YreZouGlA4I,342,“Corrupting Influence” Full Deck Reveal - All Will Be One | The Command Zone 509 | MTG Commander,509,2023-01-18,2788,https://www.youtube.com/watch?v=YreZouGlA4I,complete,description-bookmarks+browser+rapidocr,2026-07-04T21:23:58+00:00,1,
kM3nZS_hd4o,343,Good Cards We Don’t Play | The Command Zone 508 | Magic: The Gathering Commander EDH,508,2023-01-12,3067,https://www.youtube.com/watch?v=kM3nZS_hd4o,complete,description-bookmarks+browser+rapidocr,2026-07-04T21:27:45+00:00,1,
20Csgb67ylE,344,Commander Bad Habits You Need to Quit | The Command Zone 507 | Magic: The Gathering Commander EDH,507,2023-01-05,3574,https://www.youtube.com/watch?v=20Csgb67ylE,complete,description-bookmarks+browser+rapidocr,2026-07-04T21:31:45+00:00,1,
u0AqnI-arFM,345,MTG in 2022 - Year In Review | The Command Zone 506 | Magic: The Gathering Commander EDH,506,2022-12-30,10020,https://www.youtube.com/watch?v=u0AqnI-arFM,complete,description-bookmarks+browser+rapidocr,2026-07-04T21:34:08+00:00,1,
bTRKPnIKglY,348,The Best New Commanders From Jumpstart 2022 | The Command Zone 505 | Magic Gathering Commander EDH,505,2022-12-19,6160,https://www.youtube.com/watch?v=bTRKPnIKglY,complete,description-bookmarks+browser+rapidocr,2026-07-01T19:34:38+00:00,1,
aWoEzXLUppM,349,How to Mulligan | The Command Zone 504 | MTG Commander Podcast,504,2022-12-14,4588,https://www.youtube.com/watch?v=aWoEzXLUppM,complete,description-bookmarks+browser+rapidocr,2026-07-01T19:37:23+00:00,1,
jN4TlMcHZNU,350,Cards That Matter - The Brothers War - In the 99 Analysis | The Command Zone 503 | Magic Commander,503,2022-12-08,8515,https://www.youtube.com/watch?v=jN4TlMcHZNU,complete,description-bookmarks+browser+rapidocr,2026-07-01T19:39:34+00:00,1,
uIgjQVq3LdE,352,Transformers: Decepticon Commanders - The Brothers War | The Command Zone 502 | Magic Commander EDH,502,2022-12-01,4532,https://www.youtube.com/watch?v=uIgjQVq3LdE,complete,description-bookmarks+browser+rapidocr,2026-07-01T19:43:32+00:00,1,
PlTuYh5hXIc,354,Transformers: Autobot Commanders - The Brothers War | The Command Zone 501 | Magic Commander EDH,501,2022-11-22,5996,https://www.youtube.com/watch?v=PlTuYh5hXIc,complete,description-bookmarks+browser+rapidocr,2026-07-01T09:03:08+00:00,1,
2qYRuxQWcKU,357,How Good Are the Meld Commanders? | The Brothers' War | The Command Zone 500 | Magic Commander EDH,500,2022-11-14,4519,https://www.youtube.com/watch?v=2qYRuxQWcKU,complete,description-bookmarks+browser+rapidocr,2026-07-01T19:46:10+00:00,1,
DTRoxd-RS-8,358,The Brothers’ War - The Best Multi-Colored Commanders | The Command Zone 499 | Magic Commander EDH,499,2022-11-09,5754,https://www.youtube.com/watch?v=DTRoxd-RS-8,complete,description-bookmarks+browser+rapidocr,2026-07-01T19:50:13+00:00,1,
6rSkge558Ts,359,“Mishra’s Burnished Banner” Budget Upgrade Guide - Brothers War | The Command Zone 498 | MTG,498,2022-11-03,3981,https://www.youtube.com/watch?v=6rSkge558Ts,complete,description-bookmarks+browser+rapidocr,2026-07-04T21:37:43+00:00,1,
NICPkDlAXio,360,“Urza’s Iron Alliance” Budget Upgrade Guide - Brothers War | The Command Zone 497 | MTG Commander,497,2022-11-01,3267,https://www.youtube.com/watch?v=NICPkDlAXio,complete,description-bookmarks+browser+rapidocr,2026-07-04T21:41:08+00:00,1,
1zoGTCrQmuk,361,Our Favorite Unfinity Cards | The Command Zone 496 | Magic Commander EDH,496,2022-10-27,5014,https://www.youtube.com/watch?v=1zoGTCrQmuk,complete,description-bookmarks+browser+rapidocr,2026-07-01T19:52:55+00:00,1,
PHm-egAUuwo,363,The Best Cards from Warhammer 40K | The Command Zone 495 | Magic: The Gathering Commander EDH,495,2022-10-18,3819,https://www.youtube.com/watch?v=PHm-egAUuwo,complete,description-bookmarks+browser+rapidocr,2026-07-04T21:42:43+00:00,1,
EqPqp8TyHnA,364,“Tyranid Swarm” Budget Upgrade Guide - Warhammer 40K | The Command Zone 494 | Magic Commander EDH,494,2022-10-14,4106,https://www.youtube.com/watch?v=EqPqp8TyHnA,complete,description-bookmarks+browser+rapidocr,2026-07-04T21:45:25+00:00,1,
oWlnFBs0p7k,366,“The Ruinous Powers” Budget Upgrade Guide - Warhammer 40K | The Command Zone 492 | Magic Commander,492,2022-10-10,4112,https://www.youtube.com/watch?v=oWlnFBs0p7k,complete,description-bookmarks+browser+rapidocr,2026-07-04T21:49:36+00:00,1,
KZaENTo8viA,368,“Necron Dynasties” Budget Upgrade Guide - Warhammer 40K | The Command Zone 491 | Magic Commander,491,2022-10-03,5097,https://www.youtube.com/watch?v=KZaENTo8viA,complete,description-bookmarks+browser+rapidocr,2026-07-04T21:53:10+00:00,1,
l-W7AvbhufQ,369,Mono-Colored & Uncommon Commanders - Dominaria United | The Command Zone 490 | Magic Commander EDH,490,2022-09-29,7238,https://www.youtube.com/watch?v=l-W7AvbhufQ,complete,description-bookmarks+browser+rapidocr,2026-07-01T09:27:05+00:00,1,
XXIY8pH-NyE,371,Cards That Matter - Dominaria United - In the 99 Analysis | The Command Zone 489 | Magic Commander,489,2022-09-22,7423,https://www.youtube.com/watch?v=XXIY8pH-NyE,complete,description-bookmarks+browser+rapidocr,2026-07-04T21:59:15+00:00,1,
3TCgV7c2si0,372,Box Topper Lost Legends Review (Part 2) Dominaria United | The Command Zone 488 | Magic Commander,488,2022-09-20,6302,https://www.youtube.com/watch?v=3TCgV7c2si0,complete,description-bookmarks+browser+rapidocr,2026-07-04T22:05:54+00:00,1,
g2UWu8lKU5k,373,“Necron Dynasties” Full Deck Reveal - Warhammer 40K | The Command Zone 487 | Magic Commander EDH,487,2022-09-15,3241,https://www.youtube.com/watch?v=g2UWu8lKU5k,complete,description-bookmarks+browser+rapidocr,2026-07-04T22:08:30+00:00,1,
JD6znIigKJ4,374,Box Topper Lost Legends Review (Part 1) Dominaria United | The Command Zone 486 | Magic Commander,486,2022-09-14,9548,https://www.youtube.com/watch?v=JD6znIigKJ4,complete,description-bookmarks+browser+rapidocr,2026-07-04T22:13:52+00:00,1,
JR8tsyLRPoo,375,“Painbow” Budget Precon Upgrade Guide - Dominaria United | The Command Zone 485 | Magic Commander,485,2022-09-12,4298,https://www.youtube.com/watch?v=JR8tsyLRPoo,complete,description-bookmarks+browser+rapidocr,2026-07-04T22:17:36+00:00,1,
GVezVQMYDi4,378,Dominaria United - Best Multi-colored Commanders (Part 2) | The Command Zone 484 | Magic Gathering,484,2022-09-07,6522,https://www.youtube.com/watch?v=GVezVQMYDi4,complete,description-bookmarks+browser+rapidocr,2026-07-01T09:46:59+00:00,1,
u7AnyFlDSPo,380,Dominaria United - Best Multicolored Commanders (Part 1) | The Command Zone 483 | Magic Gathering,483,2022-08-29,7617,https://www.youtube.com/watch?v=u7AnyFlDSPo,complete,description-bookmarks+browser+rapidocr,2026-07-04T22:22:04+00:00,1,
30DePFcGU9g,383,“Legends’ Legacy” Budget Precon Upgrade Guide - Dominaria United | The Command Zone 482 | Magic EDH,482,2022-08-23,3670,https://www.youtube.com/watch?v=30DePFcGU9g,complete,description-bookmarks+browser+rapidocr,2026-07-04T22:26:26+00:00,1,
DliVsku3kJE,384,“Painbow” Full Deck Reveal - Dominaria United | The Command Zone 481 | Magic: The Gathering EDH,481,2022-08-19,2570,https://www.youtube.com/watch?v=DliVsku3kJE,complete,description-bookmarks+browser+rapidocr,2026-07-01T09:55:55+00:00,1,
y6vfTRAs63o,385,Playing Competitive w/ Cassius Marsh | The Command Zone 480 | Magic: The Gathering EDH,480,2022-08-17,3703,https://www.youtube.com/watch?v=y6vfTRAs63o,complete,description-bookmarks+browser+rapidocr,2026-07-01T19:56:21+00:00,1,
z5XQcnQf2ks,387,Good Cards That Make Us Salty | The Command Zone 479 | Magic: The Gathering Commander EDH,479,2022-08-08,3645,https://www.youtube.com/watch?v=z5XQcnQf2ks,complete,description-bookmarks+browser+rapidocr,2026-07-04T22:31:52+00:00,1,
-nDOElrvgR8,388,"""Must Have"" Cards For Your Commander Collection | The Command Zone 478 | Magic: The Gathering EDH",478,2022-08-02,5151,https://www.youtube.com/watch?v=-nDOElrvgR8,complete,description-bookmarks+browser+rapidocr,2026-07-04T22:34:16+00:00,1,
TYmHbqObgo8,389,The Best 1-Drops in Commander (besides Sol Ring) | The Command Zone 477 | Magic: The Gathering EDH,477,2022-07-28,5610,https://www.youtube.com/watch?v=TYmHbqObgo8,complete,description-bookmarks+browser+rapidocr,2026-07-04T22:37:20+00:00,1,
WmBnjwW_mtU,391,Is 2X2 the Highest Value Reprint Set Ever?!?! | The Command Zone 476 | Magic Gathering Commander,476,2022-07-19,5243,https://www.youtube.com/watch?v=WmBnjwW_mtU,complete,description-bookmarks+browser+rapidocr,2026-07-01T10:12:35+00:00,1,
SjNaPdvbPQE,392,The Most Obscure & Underrated Cards | The Command Zone 475 | Magic: The Gathering Commander EDH,475,2022-07-12,4652,https://www.youtube.com/watch?v=SjNaPdvbPQE,complete,description-bookmarks+browser+rapidocr,2026-07-04T22:40:29+00:00,1,
czSzF8FBzlg,393,“Draconic Dissent” Budget Upgrade Guide - Baldur’s Gate | The Command Zone 474 | Magic Commander,474,2022-07-07,3249,https://www.youtube.com/watch?v=czSzF8FBzlg,complete,description-bookmarks+browser+rapidocr,2026-07-01T10:17:08+00:00,1,
dwoKpq1hMtU,395,In the 99 Analysis - Baldur’s Gate | The Command Zone 473 | Magic: The Gathering Commander EDH,473,2022-06-28,5129,https://www.youtube.com/watch?v=dwoKpq1hMtU,complete,description-bookmarks+browser+rapidocr,2026-07-04T22:44:08+00:00,1,
advSNUKAVbM,398,“Mind Flayarrrrs” Budget Upgrade Guide - Baldur’s Gate | The Command Zone 471 | Magic Gathering EDH,471,2022-06-16,3813,https://www.youtube.com/watch?v=advSNUKAVbM,complete,description-bookmarks+browser+rapidocr,2026-07-01T10:21:34+00:00,1,
SM53VYUivkY,399,Background Breakdown - Baldur’s Gate | The Command Zone 470 | Magic EDH,470,,5246,https://www.youtube.com/watch?v=SM53VYUivkY,retry,,2026-07-06T15:57:11+00:00,0,RuntimeError: Chrome exited before remote debugging became available
J1DnIDv5Gts,401,"""Exit From Exile Budget"" Budget Upgrade Guide - Baldur’s Gate | The Command Zone 469 | Magic EDH",469,2022-06-06,3939,https://www.youtube.com/watch?v=J1DnIDv5Gts,complete,description-bookmarks+browser+rapidocr,2026-07-05T03:59:32+00:00,1,
8UkleX_mZMM,402,Baldur's Gate - Best Multicolored Commanders (Pt2)  | The Command Zone 468 | Magic Gathering EDH,468,2022-06-02,4936,https://www.youtube.com/watch?v=8UkleX_mZMM,complete,description-bookmarks+browser+rapidocr,2026-07-01T10:30:00+00:00,1,
pgvR_RlGmNQ,403,“Party Time” Full Deck Reveal - Baldur's Gate | The Command Zone 467 | Magic Gathering Commander,467,2022-05-31,2995,https://www.youtube.com/watch?v=pgvR_RlGmNQ,complete,description-bookmarks+browser+rapidocr,2026-07-05T04:01:20+00:00,1,
9xaOajblmsc,404,Baldur's Gate - Best Multicolored Commanders (Pt1)  | The Command Zone 466 | Magic Gathering EDH,466,2022-05-27,4975,https://www.youtube.com/watch?v=9xaOajblmsc,complete,description-bookmarks+browser+rapidocr,2026-07-05T04:03:52+00:00,1,
B6CTZTywzbo,405,How to Organize Your Magic Card Collection | The Command Zone 465 | Magic: The Gathering Commander,465,2022-05-24,3785,https://www.youtube.com/watch?v=B6CTZTywzbo,complete,description-bookmarks+browser+rapidocr,2026-07-05T04:06:42+00:00,1,
NNjDtl-u-rs,406,Cards You’re Playing WRONG | The Command Zone 464 | Magic: The Gathering Commander EDH,464,2022-05-18,5576,https://www.youtube.com/watch?v=NNjDtl-u-rs,complete,description-bookmarks+browser+rapidocr,2026-07-01T10:42:17+00:00,1,
Ogh52RYCUm0,408,“Riveteers Rampage” Budget Upgrade Guide - New Capenna | The Command Zone 463 Magic: The Gathering,463,2022-05-13,3206,https://www.youtube.com/watch?v=Ogh52RYCUm0,complete,description-bookmarks+browser+rapidocr,2026-07-01T10:43:56+00:00,1,
HNceyx4L0Lc,411,In the 99 Analysis - New Capenna | The Command Zone 461 | Magic: The Gathering Commander EDH,461,2022-05-05,6752,https://www.youtube.com/watch?v=HNceyx4L0Lc,complete,description-bookmarks+browser+rapidocr,2026-07-05T04:09:58+00:00,1,
ga2JC8uFl7o,412,“Bedecked Brokers” Budget Upgrade Guide - New Capenna | The Command Zone 460 | MTG Commander EDH,460,2022-05-03,3402,https://www.youtube.com/watch?v=ga2JC8uFl7o,complete,description-bookmarks+browser+rapidocr,2026-07-01T10:47:56+00:00,1,
UN-5T_RiS70,416,New Capenna - Best New Multicolored Commanders  | The Command Zone 458 | Magic: The Gathering EDH,458,,6675,https://www.youtube.com/watch?v=UN-5T_RiS70,retry,description-bookmarks+browser+rapidocr,2026-07-05T04:12:16+00:00,1,
yWqmMTiTAi8,417,“Cabaretti Cacophony” Budget Upgrade Guide - New Capenna  | The Command Zone 457 | MTG Commander,457,2022-04-19,5482,https://www.youtube.com/watch?v=yWqmMTiTAi8,complete,description-bookmarks+browser+rapidocr,2026-07-01T17:56:05+00:00,1,
mCPn7j15oUY,418,“Maestros Massacre” Budget Upgrade Guide - New Capenna  | The Command Zone 456 | MTG Commander EDH,456,2022-04-18,4458,https://www.youtube.com/watch?v=mCPn7j15oUY,complete,description-bookmarks+browser+rapidocr,2026-07-05T04:13:20+00:00,1,
Hg7nFiDNeHs,419,The Ultimate Guide to Lands | The Command Zone 455 | Magic: The Gathering Commander EDH,455,2022-04-12,6035,https://www.youtube.com/watch?v=Hg7nFiDNeHs,complete,description-bookmarks+browser+rapidocr,2026-07-05T04:15:20+00:00,1,
RGdYUoQXnn8,420,Cards We Keep Trying To Crack | The Command Zone 454 | Magic: The Gathering Commander EDH,454,2022-04-06,4921,https://www.youtube.com/watch?v=RGdYUoQXnn8,complete,description-bookmarks+browser+rapidocr,2026-07-05T04:17:23+00:00,1,
LB6HotI0ntI,424,Advanced Deckbuilding: Mastering Your Mana Curve | The Command Zone 453 | Magic: The Gathering EDH,453,2022-03-28,5492,https://www.youtube.com/watch?v=LB6HotI0ntI,complete,description-bookmarks+browser+rapidocr,2026-07-01T11:05:49+00:00,1,
GoFgsybYKdc,426,How To Get Into Commander | The Command Zone 452 | Magic: The Gathering EDH,452,2022-03-21,5214,https://www.youtube.com/watch?v=GoFgsybYKdc,complete,description-bookmarks+browser+rapidocr,2026-07-05T04:19:45+00:00,1,
DykU-eK7bz8,427,Our Biggest Commander Level-Up Moments | The Command Zone 451 | Magic: The Gathering EDH,451,2022-03-16,5850,https://www.youtube.com/watch?v=DykU-eK7bz8,complete,description-bookmarks+browser+rapidocr,2026-07-05T04:21:41+00:00,1,
5mCh6QKH6-Y,455,"""Vampiric Bloodline"" Full Deck Reveal - Crimson Vow | The Command Zone 430 | Magic The Gathering",430,2021-11-08,3355,https://www.youtube.com/watch?v=5mCh6QKH6-Y,complete,description-bookmarks+browser+rapidocr,2026-07-05T04:23:35+00:00,1,
jH-0XjETyMM,456,Crimson Vow - Best Multi-Colored Commanders | The Command Zone 429 | Magic: The Gathering EDH,429,,6847,https://www.youtube.com/watch?v=jH-0XjETyMM,retry,description-bookmarks+browser+rapidocr,2026-07-05T04:25:01+00:00,1,
AvmMur5Lni8,457,Commander Politics: Dealing with Dealers | The Command Zone 428 | Magic The Gathering Commander EDH,428,2021-11-02,3575,https://www.youtube.com/watch?v=AvmMur5Lni8,complete,description-bookmarks+browser+rapidocr,2026-07-01T11:24:09+00:00,1,
fF3g-CKtGkI,459,Stranger Things - New Commander Breakdown | The Command Zone 427 | Magic: The Gathering Commander,427,,3615,https://www.youtube.com/watch?v=fF3g-CKtGkI,retry,description-bookmarks+browser+rapidocr,2026-07-05T04:26:18+00:00,0,
6BpqARm8zZI,460,Decks We Built...But Hated | The Command Zone 426 | Magic: The Gathering Commander EDH,426,2021-10-20,5235,https://www.youtube.com/watch?v=6BpqARm8zZI,complete,description-bookmarks+browser+rapidocr,2026-07-05T04:41:26+00:00,1,
GKNcCw6_Ju8,462,Midnight Hunt - In the 99 Analysis | The Command Zone 425 | Magic: The Gathering Commander EDH,425,2021-10-05,4136,https://www.youtube.com/watch?v=GKNcCw6_Ju8,complete,description-bookmarks+browser+rapidocr,2026-07-01T20:17:00+00:00,1,
WNJMZauf0hw,467,The Mono-Colored Commanders from Midnight Hunt | The Command Zone 422 | Magic: The Gathering EDH,422,2021-09-17,3897,https://www.youtube.com/watch?v=WNJMZauf0hw,complete,description-bookmarks+browser+rapidocr,2026-07-01T11:39:11+00:00,1,
AhOQeftJ0_g,470,Midnight Hunt - Best New Multi-Colored Commanders | The Command Zone 420 | Magic: The Gathering EDH,420,2021-09-10,6986,https://www.youtube.com/watch?v=AhOQeftJ0_g,complete,description-bookmarks+browser+rapidocr,2026-07-01T11:39:36+00:00,1,
Da3cUsqxvks,471,The Most Cutthroat Cards in Commander | The Command Zone 419 | Magic: The Gathering EDH,419,2021-09-02,3954,https://www.youtube.com/watch?v=Da3cUsqxvks,complete,description-bookmarks+browser+rapidocr,2026-07-05T04:43:24+00:00,1,
oDpjyGdxsJA,473,How to Have More FUN in Commander | The Command Zone 418 | Magic: The Gathering EDH,418,2021-08-26,4286,https://www.youtube.com/watch?v=oDpjyGdxsJA,complete,description-bookmarks+browser+rapidocr,2026-07-05T04:44:33+00:00,1,
HEKZOcV3bKU,475,Upgrade Your Interaction | The Command Zone 417 | Magic: The Gathering Commander EDH,417,2021-08-17,4355,https://www.youtube.com/watch?v=HEKZOcV3bKU,complete,description-bookmarks+browser+rapidocr,2026-07-01T11:47:19+00:00,1,
GuYNc7u5ud0,476,AFC Best New Cards | The Command Zone 416 | Magic: The Gathering Commander EDH,416,2021-08-11,5853,https://www.youtube.com/watch?v=GuYNc7u5ud0,complete,description-bookmarks+browser+rapidocr,2026-07-01T11:48:18+00:00,1,
hyZmrhgjIlc,477,AFC New Commander Analysis | The Command Zone 415 | Magic: The Gathering,415,2021-08-05,5371,https://www.youtube.com/watch?v=hyZmrhgjIlc,complete,description-bookmarks+browser+rapidocr,2026-07-01T11:48:47+00:00,1,
blqiTJG2Img,478,Bant Equipment - Budget Precon Upgrade Guide - AFC | The Command Zone 414 | Magic: The Gathering,414,2021-08-03,4666,https://www.youtube.com/watch?v=blqiTJG2Img,complete,description-bookmarks+browser+rapidocr,2026-07-05T04:45:34+00:00,1,
vL7-jRXICFE,479,"AFR - Green, Multicolored & Colorless Review| The Command Zone 413 | Magic: The Gathering Commander",413,2021-07-30,4622,https://www.youtube.com/watch?v=vL7-jRXICFE,complete,description-bookmarks+browser+rapidocr,2026-07-01T11:53:27+00:00,1,
xzsnmobugl8,481,AFR - Black & White Review Forgotten Realms | The Command Zone 412 | Magic The Gathering Commander,412,2021-07-26,3542,https://www.youtube.com/watch?v=xzsnmobugl8,complete,description-bookmarks+browser+rapidocr,2026-07-01T11:54:03+00:00,1,
LSuPBKZoVAQ,482,AFR - Red & Blue Review - Forgotten Realms | The Command Zone 411 | Magic: The Gathering Commander,411,2021-07-23,3551,https://www.youtube.com/watch?v=LSuPBKZoVAQ,complete,description-bookmarks+browser+rapidocr,2026-07-01T11:54:41+00:00,1,
C1BWlypcPa4,484,Rakdos Treasures - Budget Precon Upgrade Guide - AFC | The Command Zone 410 | Magic: The Gathering,410,2021-07-19,4301,https://www.youtube.com/watch?v=C1BWlypcPa4,complete,description-bookmarks+browser+rapidocr,2026-07-05T04:46:53+00:00,1,
xOW7tUftC4o,485,Forgotten Realms - Best New Mono Colored Commanders | The Command Zone 409 | Magic: The Gathering,409,2021-07-16,5921,https://www.youtube.com/watch?v=xOW7tUftC4o,complete,description-bookmarks+browser+rapidocr,2026-07-05T04:48:58+00:00,1,
qZR83W0ruFI,486,Gruul Dragons Budget Precon Upgrade Guide - AFC | The Command Zone 408 | Magic: The Gathering EDH,408,2021-07-14,3598,https://www.youtube.com/watch?v=qZR83W0ruFI,complete,description-bookmarks+browser+rapidocr,2026-07-05T04:50:37+00:00,1,
Rxngk4FZcI8,488,Esper Dungeons Precon Budget Upgrade Guide - AFC | The Command Zone 407 | Magic: The Gathering,407,2021-07-12,3254,https://www.youtube.com/watch?v=Rxngk4FZcI8,complete,description-bookmarks+browser+rapidocr,2026-07-05T04:52:28+00:00,1,
qLRkVvg2a-Y,489,Bant Equipment Full Deck Reveal - Forgotten Realms | The Command Zone 406 | Magic: The Gathering,406,2021-07-09,4135,https://www.youtube.com/watch?v=qLRkVvg2a-Y,complete,description-bookmarks+browser+rapidocr,2026-07-05T04:53:50+00:00,1,
oX3VTbifVic,490,Forgotten Realms - Best New Multicolored Commanders | The Command Zone 405 | Magic: The Gathering,405,2021-07-07,7314,https://www.youtube.com/watch?v=oX3VTbifVic,complete,description-bookmarks+browser+rapidocr,2026-07-05T04:55:20+00:00,1,
w7aC6TQSE8E,491,The Best Game Enders in Commander | The Command Zone 404 | Magic: The Gathering EDH,404,2021-07-01,3778,https://www.youtube.com/watch?v=w7aC6TQSE8E,complete,description-bookmarks+browser+rapidocr,2026-07-05T04:56:54+00:00,1,
_BWguwtx40c,492,MH2 - Green & Red Review | The Command Zone 403 | Magic: The Gathering EDH,403,2021-06-28,4026,https://www.youtube.com/watch?v=_BWguwtx40c,complete,description-bookmarks+browser+rapidocr,2026-07-01T12:20:57+00:00,1,
OvWv7Os9kg4,494,MH2 - Blue & Colorless Review | The Command Zone 402 | Magic: The Gathering EDH,402,2021-06-21,4319,https://www.youtube.com/watch?v=OvWv7Os9kg4,complete,description-bookmarks+browser+rapidocr,2026-07-01T20:20:32+00:00,1,
y8LFCjTzCOc,496,"MH2 - White, Black & Multicolored Review | The Command Zone 401 | Magic: The Gathering EDH",401,2021-06-15,4989,https://www.youtube.com/watch?v=y8LFCjTzCOc,complete,description-bookmarks+browser+rapidocr,2026-07-01T12:22:18+00:00,1,
eaNjXcAqCAY,499,How to Play Commander | The Command Zone 400 | Magic: The Gathering EDH,400,,4855,https://www.youtube.com/watch?v=eaNjXcAqCAY,retry,description-bookmarks+browser+rapidocr,2026-07-05T04:57:53+00:00,1,
dvVVleUWbVo,500,The Best New Commanders from Modern Horizons 2 | The Command Zone 399 | Magic: The Gathering EDH,399,2021-06-03,7213,https://www.youtube.com/watch?v=dvVVleUWbVo,complete,description-bookmarks+browser+rapidocr,2026-07-01T12:22:57+00:00,1,
KwrSB085FSw,502,C21 New Commander Deep Dive (Part Two) | The Command Zone 398 | Magic: The Gathering EDH,398,2021-05-27,7017,https://www.youtube.com/watch?v=KwrSB085FSw,complete,description-bookmarks+browser+rapidocr,2026-07-01T12:24:34+00:00,1,
FT4IROaDnGk,504,C21 New Commander Deep Dive (Part One) | The Command Zone 397 | Magic: The Gathering EDH,397,2021-05-18,7209,https://www.youtube.com/watch?v=FT4IROaDnGk,complete,description-bookmarks+browser+rapidocr,2026-07-05T05:14:00+00:00,1,
P1O9h5vsLmY,505,C21 New Card Analysis (Part Two) | The Command Zone 396 | Magic: The Gathering  Commander EDH,396,2021-05-14,5097,https://www.youtube.com/watch?v=P1O9h5vsLmY,complete,description-bookmarks+browser+rapidocr,2026-07-01T12:29:48+00:00,1,
2ajwEJ3typc,508,C21 New Card Analysis (Part One) | The Command Zone 395 | Magic: The Gathering  Commander EDH,395,2021-05-05,5292,https://www.youtube.com/watch?v=2ajwEJ3typc,complete,description-bookmarks+browser+rapidocr,2026-07-01T12:30:29+00:00,1,
2TF9wQvOzCI,509,Witherbloom Precon - Budget Upgrade Guide | The Command Zone 394 | Magic: The Gathering Commander,394,2021-04-29,4175,https://www.youtube.com/watch?v=2TF9wQvOzCI,complete,description-bookmarks+browser+rapidocr,2026-07-01T12:30:50+00:00,1,
q0chC-yoQ4E,510,Strixhaven Set Review (Part Two) | The Command Zone 393 | Magic: The Gathering  Commander EDH,393,2021-04-27,4553,https://www.youtube.com/watch?v=q0chC-yoQ4E,complete,description-bookmarks+browser+rapidocr,2026-07-05T05:16:36+00:00,1,
c1WJs00XRfY,511,Strixhaven Set Review (Part One) | The Command Zone 392 | Magic: The Gathering  Commander EDH,392,2021-04-23,4711,https://www.youtube.com/watch?v=c1WJs00XRfY,complete,description-bookmarks+browser+rapidocr,2026-07-01T12:35:23+00:00,1,
EbLmvADJoug,513,Silverquill Precon - Budget Upgrade Guide | The Command Zone 391 | Magic: The Gathering  Commander,391,2021-04-19,4707,https://www.youtube.com/watch?v=EbLmvADJoug,complete,description-bookmarks+browser+rapidocr,2026-07-01T12:36:20+00:00,1,
H0ue3q8FUls,514,Strixhaven Traditional Commander Review | The Command Zone 390 | Magic: The Gathering  EDH,390,2021-04-16,6441,https://www.youtube.com/watch?v=H0ue3q8FUls,complete,description-bookmarks+browser+rapidocr,2026-07-01T12:36:52+00:00,1,
rWaKrL5pSqA,516,Quandrix Precon - Budget Upgrade Guide | The Command Zone 388 | Magic: The Gathering Commander EDH,388,2021-04-12,4064,https://www.youtube.com/watch?v=rWaKrL5pSqA,complete,description-bookmarks+browser+rapidocr,2026-07-01T12:37:56+00:00,1,
rv7O1xMNCvs,517,Strixhaven MDFCommanders | The Command Zone 387 | Magic: The Gathering Commander,387,2021-04-09,4096,https://www.youtube.com/watch?v=rv7O1xMNCvs,complete,description-bookmarks+browser+rapidocr,2026-07-05T05:17:47+00:00,1,
hdyRJsTQfTk,518,Prismari Precon - Budget Upgrade Guide | The Command Zone 386 | Magic: The Gathering Commander,386,2021-04-07,3877,https://www.youtube.com/watch?v=hdyRJsTQfTk,complete,description-bookmarks+browser+rapidocr,2026-07-05T05:21:27+00:00,1,
ipS8qV-qiCU,519,Lorehold Precon Full Deck Reveal Strixhaven | The Command Zone 385 | Magic The Gathering Commander,385,2021-04-05,3964,https://www.youtube.com/watch?v=ipS8qV-qiCU,complete,description-bookmarks+browser+rapidocr,2026-07-05T07:12:10+00:00,1,
TvNxaEtpxF4,520,Strixhaven Preview Card - Tempted by the Oriq | The Command Zone 384 | Magic: The Gathering EDH,384,2021-04-02,1140,https://www.youtube.com/watch?v=TvNxaEtpxF4,complete,description-bookmarks+browser+rapidocr,2026-07-01T12:50:35+00:00,1,
BN3-OJgW_mc,521,The Most Powerful Synergies in Commander| The Command Zone 383 | Magic: The Gathering EDH,383,2021-03-31,4165,https://www.youtube.com/watch?v=BN3-OJgW_mc,complete,description-bookmarks+browser+rapidocr,2026-07-01T12:51:36+00:00,1,
ZrYvJqAuM-k,525,The Art of the Board Wipe | The Command Zone 382 | Magic: The Gathering Commander EDH,382,2021-03-16,4482,https://www.youtube.com/watch?v=ZrYvJqAuM-k,complete,description-bookmarks+browser+rapidocr,2026-07-05T07:14:30+00:00,1,
GXxCMvhnVcg,526,How Did We Get Here? | Our Origin Stories | The Command Zone 381 | Magic Gathering Commander EDH,381,,5181,https://www.youtube.com/watch?v=GXxCMvhnVcg,retry,description-bookmarks+browser+rapidocr,2026-07-05T07:18:25+00:00,0,
sm6ySaTpBJc,527,Time Spiral Remastered Preview Cards | The Command Zone 380 | Magic: The Gathering Commander,380,,1157,https://www.youtube.com/watch?v=sm6ySaTpBJc,retry,description-bookmarks+browser+rapidocr,2026-07-05T07:20:08+00:00,0,
3K9PEeLG_6M,528,The NEW Commander Deck Building Template | The Command Zone 379 | Magic: the Gathering EDH Podcast,379,2021-03-02,5833,https://www.youtube.com/watch?v=3K9PEeLG_6M,complete,description-bookmarks+browser+rapidocr,2026-07-05T07:25:10+00:00,1,
Jxng3koUR5o,530,"Azorius ""Phantom Premonition"" Budget Upgrade | The Command Zone 378 | Magic The Gathering Commander",378,2021-02-23,4924,https://www.youtube.com/watch?v=Jxng3koUR5o,complete,description-bookmarks+browser+rapidocr,2026-07-01T13:06:37+00:00,1,
3D_tsJsnG9A,532,"Golgari ""Elven Empire"" Budget Upgrade Guide | The Command Zone 377 | Magic: The Gathering",377,2021-02-15,3789,https://www.youtube.com/watch?v=3D_tsJsnG9A,complete,description-bookmarks+browser+rapidocr,2026-07-01T13:07:02+00:00,1,
ZjWR90dc6YI,533,Kaldheim Set Review | The Command Zone 376 | Magic: The Gathering EDH,376,2021-02-10,8276,https://www.youtube.com/watch?v=ZjWR90dc6YI,complete,description-bookmarks+browser+rapidocr,2026-07-01T13:08:13+00:00,1,
cv4bMZd6e2w,535,Kaldheim - Traditional Commanders | The Command Zone 375 | Magic: The Gathering EDH,375,2021-02-01,6779,https://www.youtube.com/watch?v=cv4bMZd6e2w,complete,description-bookmarks+browser+rapidocr,2026-07-01T13:10:03+00:00,1,
VCr6GstBLpk,536,Kaldheim MDFCommanders | The Command Zone 374 | Magic: The Gathering EDH,374,2021-01-27,5685,https://www.youtube.com/watch?v=VCr6GstBLpk,complete,description-bookmarks+browser+rapidocr,2026-07-05T07:26:16+00:00,1,
iqV6Ytnzn4c,538,Life Lessons Learned from Commander | The Command Zone 373 | Magic: The Gathering EDH,373,2021-01-19,4503,https://www.youtube.com/watch?v=iqV6Ytnzn4c,complete,description-bookmarks+browser+rapidocr,2026-07-01T13:14:30+00:00,1,
_W4a25ty1Ao,539,Introduction to Commander Deck Building | The Command Zone 372 | Magic: The Gathering EDH,372,2021-01-13,5697,https://www.youtube.com/watch?v=_W4a25ty1Ao,complete,description-bookmarks+browser+rapidocr,2026-07-05T07:29:27+00:00,1,
VGWVgEfEpSQ,540,"Was the ""Year of Commander"" a Success? | The Command Zone 371 | Magic: The Gathering EDH",371,2021-01-07,6015,https://www.youtube.com/watch?v=VGWVgEfEpSQ,complete,description-bookmarks+browser+rapidocr,2026-07-05T07:31:55+00:00,1,
OmZPZOB4-_U,541,Commander Legends - New Card Analysis (Part 2) | The Command Zone 370 | Magic: The Gathering EDH,370,2020-12-29,5687,https://www.youtube.com/watch?v=OmZPZOB4-_U,complete,description-bookmarks+browser+rapidocr,2026-07-05T07:33:56+00:00,1,
CrWXs5KQo0I,542,Commander Legends - New Card Analysis (Part 1) | The Command Zone 369 | Magic: The Gathering EDH,369,2020-12-23,7055,https://www.youtube.com/watch?v=CrWXs5KQo0I,complete,description-bookmarks+browser+rapidocr,2026-07-01T13:27:04+00:00,1,
_p0SBuCVb84,544,Blue Partner Review - Commander Legends | The Command Zone 368 | Magic: The Gathering EDH,368,2020-12-15,2913,https://www.youtube.com/watch?v=_p0SBuCVb84,complete,description-bookmarks+browser+rapidocr,2026-07-01T13:28:21+00:00,1,
cYRom4Yex6w,545,Black Partner Review - Commander Legends | The Command Zone 367 | Magic: The Gathering EDH,367,2020-12-10,3964,https://www.youtube.com/watch?v=cYRom4Yex6w,complete,description-bookmarks+browser+rapidocr,2026-07-01T13:29:27+00:00,1,
Q2XZ369bRkk,546,Green Partner Review - Commander Legends | The Command Zone 366 | Magic: The Gathering EDH,366,2020-12-07,4026,https://www.youtube.com/watch?v=Q2XZ369bRkk,complete,description-bookmarks+browser+rapidocr,2026-07-05T07:36:22+00:00,1,
ndBshxnDIC4,547,"Simic Landfall ""Reap the Tides"" Budget Upgrade Guide | The Command Zone 365 | Magic: The Gathering",365,2020-12-03,2484,https://www.youtube.com/watch?v=ndBshxnDIC4,complete,description-bookmarks+browser+rapidocr,2026-07-01T13:33:13+00:00,1,
uu6Bdv_aIrs,550,"Boros Equipment ""Arm for Battle"" Budget Upgrade Guide | The Command Zone 364 | Magic: The Gathering",364,2020-11-23,2889,https://www.youtube.com/watch?v=uu6Bdv_aIrs,complete,description-bookmarks+browser+rapidocr,2026-07-01T13:33:41+00:00,1,
XtZLq8TEmEU,552,White Partner Review - Commander Legends | The Command Zone 363 | Magic: The Gathering EDH,363,2020-11-16,3034,https://www.youtube.com/watch?v=XtZLq8TEmEU,complete,description-bookmarks+browser+rapidocr,2026-07-05T07:38:10+00:00,1,
xSovYJURG40,553,Red Partner Review - Commander Legends | The Command Zone 362 | Magic: The Gathering EDH,362,2020-11-12,3718,https://www.youtube.com/watch?v=xSovYJURG40,complete,description-bookmarks+browser+rapidocr,2026-07-05T07:40:29+00:00,1,
BhwEa-jS7AE,554,Best New Solo Commanders from CMR (Part 2) | The Command Zone 361 | Magic: The Gathering EDH,361,2020-11-10,5439,https://www.youtube.com/watch?v=BhwEa-jS7AE,complete,description-bookmarks+browser+rapidocr,2026-07-01T13:42:44+00:00,1,
hRcpRl4R6Fc,555,Commander Legends - Are These Design Mistakes? | The Command Zone 360 | Magic: The Gathering EDH,360,2020-11-07,1661,https://www.youtube.com/watch?v=hRcpRl4R6Fc,complete,description-bookmarks+browser+rapidocr,2026-07-01T13:46:21+00:00,1,
4_8Y_hxCADw,556,Best New Solo Commanders from CMR (Part 1) | The Command Zone 359 | Magic: The Gathering EDH,359,2020-11-05,6789,https://www.youtube.com/watch?v=4_8Y_hxCADw,complete,description-bookmarks+browser+rapidocr,2026-07-01T20:28:58+00:00,1,
BSAWf0rLe3s,557,Decks Everyone Should Build (At Least Once) | The Command Zone 358 | Magic: The Gathering EDH,358,2020-11-03,3237,https://www.youtube.com/watch?v=BSAWf0rLe3s,complete,description-bookmarks+browser+rapidocr,2026-07-05T07:43:47+00:00,1,
Yc_clSPaPyA,558,Commander Legends Preview Card(s) | The Command Zone 357 | Magic: The Gathering EDH,357,2020-10-29,3103,https://www.youtube.com/watch?v=Yc_clSPaPyA,complete,description-bookmarks+browser+rapidocr,2026-07-01T13:55:32+00:00,1,
-NWmnh19toU,559,Halloween Hot Takes | The Command Zone 356 | Magic: The Gathering Commander / EDH,356,2020-10-27,4783,https://www.youtube.com/watch?v=-NWmnh19toU,complete,description-bookmarks+browser+rapidocr,2026-07-01T20:32:43+00:00,1,
0Z9qaRJFuVA,560,Cards That Aren't Good Enough (Anymore) | The Command Zone 355 | Magic: The Gathering EDH Commander,355,2020-10-21,5245,https://www.youtube.com/watch?v=0Z9qaRJFuVA,complete,description-bookmarks+browser+rapidocr,2026-07-05T07:46:57+00:00,1,
9Mq4lEB3z-4,562,Walking Dead Secret Lair: EXPOSED | The Command Zone 354 | Magic: The Gathering EDH,354,2020-10-14,4089,https://www.youtube.com/watch?v=9Mq4lEB3z-4,complete,description-bookmarks+browser+rapidocr,2026-07-01T14:07:34+00:00,1,
jajh9x0_3tI,563,Game Knights Deck Talks - Akiri & Phylath | The Command Zone 353 | Magic: The Gathering EDH,353,2020-10-07,3614,https://www.youtube.com/watch?v=jajh9x0_3tI,complete,description-bookmarks+browser+rapidocr,2026-07-01T14:09:04+00:00,1,
WziX_aqdGeU,565,Are MDFC's New Commander Staples | The Command Zone 352 | Magic: The Gathering EDH,352,2020-09-29,5206,https://www.youtube.com/watch?v=WziX_aqdGeU,complete,description-bookmarks+browser+rapidocr,2026-07-01T14:11:08+00:00,1,
_R61_iFXisE,567,Zendikar Rising Set Review | The Command Zone 351 | Magic: the Gathering Commander EDH,351,2020-09-21,7601,https://www.youtube.com/watch?v=_R61_iFXisE,complete,description-bookmarks+browser+rapidocr,2026-07-01T14:12:39+00:00,1,
yP1K9p33g0w,568,The Best New Commanders from Zendikar Rising | The Command Zone 350 | Magic: The Gathering EDH,350,2020-09-16,6538,https://www.youtube.com/watch?v=yP1K9p33g0w,complete,description-bookmarks+browser+rapidocr,2026-07-01T20:35:22+00:00,1,
rEVzq9BFAVI,570,"Rogue Tribal ""Sneak Attack"" Budget Upgrade Guide | The Command Zone 349 | Magic: The Gathering EDH",349,2020-09-11,2341,https://www.youtube.com/watch?v=rEVzq9BFAVI,complete,description-bookmarks+browser+rapidocr,2026-07-01T20:38:54+00:00,1,
SpQ6sGkWTcA,571,"Naya Landfall ""Land's Wrath"" Budget Upgrade Guide | The Command Zone 348 | Magic The Gathering",348,2020-09-10,3404,https://www.youtube.com/watch?v=SpQ6sGkWTcA,complete,description-bookmarks+browser+rapidocr,2026-07-05T07:49:17+00:00,1,
EkE_Hyyxhoc,572,"ROGUE TRIBAL ""Sneak Attack"" ZNR Full Deck Reveal | The Command Zone 347 | Magic The Gathering",347,,3039,https://www.youtube.com/watch?v=EkE_Hyyxhoc,retry,description-bookmarks+browser+rapidocr,2026-07-05T07:52:17+00:00,0,
DuasEh88Rxc,573,The Mulan Episode! Deck Tech + Giveaways | The Command Zone 346 | Magic: The Gathering Commander,346,2020-09-02,3782,https://www.youtube.com/watch?v=DuasEh88Rxc,complete,description-bookmarks+browser+rapidocr,2026-07-01T20:42:22+00:00,1,
bACV94alOuM,574,Stopping the Opponent from Winning | The Command Zone 345 | Magic: The Gathering Commander EDH,345,2020-08-26,5016,https://www.youtube.com/watch?v=bACV94alOuM,complete,description-bookmarks+browser+rapidocr,2026-07-01T20:47:24+00:00,1,
HjzPu9FLVmo,575,How To Make Your Decks Unique | The Command Zone 344 | Magic: The Gathering Commander EDH,344,2020-08-20,4584,https://www.youtube.com/watch?v=HjzPu9FLVmo,complete,description-bookmarks+browser+rapidocr,2026-07-01T20:53:03+00:00,1,
L57DvLqmxLw,579,The Complete Guide to Card Draw | The Command Zone 343 | Magic: The Gathering Commander EDH,343,2020-08-03,6500,https://www.youtube.com/watch?v=L57DvLqmxLw,complete,description-bookmarks+browser+rapidocr,2026-07-01T20:58:10+00:00,1,
kNMs32ahSE4,580,Double Masters Preview Card(s) + Extra Turns Game Analysis  | The Command Zone 342 | Magic EDH,342,2020-07-27,4706,https://www.youtube.com/watch?v=kNMs32ahSE4,complete,description-bookmarks+browser+rapidocr,2026-07-01T21:02:28+00:00,1,
pDT-4-mDkjo,581,The Truth About Working With WotC - Commander Convos: The Professor | The Command Zone 341 | Magic,341,2020-07-22,4197,https://www.youtube.com/watch?v=pDT-4-mDkjo,complete,description-bookmarks+browser+rapidocr,2026-07-02T01:51:50+00:00,1,RuntimeError: Chrome exited before remote debugging became available
CCwAv0yg8is,582,Jumpstart: Most Powerful Cards | The Command Zone 340 | Magic: The Gathering Commander / EDH,340,2020-07-15,3577,https://www.youtube.com/watch?v=CCwAv0yg8is,complete,description-bookmarks+browser+rapidocr,2026-07-01T21:05:43+00:00,1,
YmQkZfi5WxI,586,The Best New Commanders from Jumpstart | The Command Zone 339 | Magic: The Gathering EDH,339,2020-06-29,5901,https://www.youtube.com/watch?v=YmQkZfi5WxI,complete,description-bookmarks+browser+rapidocr,2026-07-01T21:09:00+00:00,1,
s--h9IItl8g,587,M21 Set Review - Part Two | The Command Zone 338 | Magic: The Gathering Commander,338,2020-06-25,6045,https://www.youtube.com/watch?v=s--h9IItl8g,complete,description-bookmarks+browser+rapidocr,2026-07-01T21:12:30+00:00,1,
_RyEzaHThrY,588,M21 Set Review - Part One | The Command Zone 337 | Magic: The Gathering Commander,337,2020-06-23,5705,https://www.youtube.com/watch?v=_RyEzaHThrY,complete,description-bookmarks+browser+rapidocr,2026-07-01T21:15:35+00:00,1,
T2sFaOgxNhQ,589,The Best New Commanders from M21 | The Command Zone 336 | Magic: The Gathering EDH,336,2020-06-18,5533,https://www.youtube.com/watch?v=T2sFaOgxNhQ,complete,description-bookmarks+browser+rapidocr,2026-07-01T21:18:28+00:00,1,
Pr91Crzl7DI,591,Commander Mythbusters | The Command Zone 335 | Magic: The Gathering Commander,335,2020-06-11,3976,https://www.youtube.com/watch?v=Pr91Crzl7DI,complete,description-bookmarks+browser+rapidocr,2026-07-01T21:21:29+00:00,1,
k70ZbiSC44w,592,Major Rules Change - Commander Dies Triggers | The Command Zone 334 | Magic: The Gathering,334,,1840,https://www.youtube.com/watch?v=k70ZbiSC44w,retry,description-bookmarks+browser+rapidocr,2026-07-05T07:54:17+00:00,0,
MkukDIHnrBk,593,M21 Preview Card - Chromatic Orrery | The Command Zone 333 | Magic: The Gathering Commander,333,2020-06-05,1902,https://www.youtube.com/watch?v=MkukDIHnrBk,complete,description-bookmarks+browser+rapidocr,2026-07-02T07:22:28+00:00,1,RuntimeError: Chrome exited before remote debugging became available
5hPU1eNxWis,594,Should WotC Print Problematic Cards? | The Command Zone 332 | Magic: The Gathering Commander,332,2020-06-02,4254,https://www.youtube.com/watch?v=5hPU1eNxWis,complete,description-bookmarks+browser+rapidocr,2026-07-01T21:36:27+00:00,1,
rtfqJjLbADA,595,Pako & Haldan - Budget Deck Tech | The Command Zone 331 | Magic: The Gathering Commander,331,2020-05-26,2780,https://www.youtube.com/watch?v=rtfqJjLbADA,complete,description-bookmarks+browser+rapidocr,2026-07-01T21:41:42+00:00,1,
_U8YEzosz2E,596,Obosh - Deck Tech | The Command Zone 330 | Magic: The Gathering Commander / EDH,330,2020-05-21,3313,https://www.youtube.com/watch?v=_U8YEzosz2E,complete,description-bookmarks+browser+rapidocr,2026-07-01T21:47:08+00:00,1,
51IvO2U_WKA,600,Ikoria: Lair of Behemoths - Set Review | The Command Zone 329 | Magic: The Gathering Commander,329,2020-05-11,8256,https://www.youtube.com/watch?v=51IvO2U_WKA,complete,description-bookmarks+browser+rapidocr,2026-07-02T02:06:16+00:00,1,RuntimeError: Chrome exited before remote debugging became available
EncOrEf2fxU,601,The Best New Commanders from Ikoria | The Command Zone 328 | Magic: The Gathering Commander,328,2020-05-05,7115,https://www.youtube.com/watch?v=EncOrEf2fxU,complete,description-bookmarks+browser+rapidocr,2026-07-01T21:52:01+00:00,1,
vHNqIjxMYhQ,602,Ikoria - New Mechanics & Rules Breakdown | The Command Zone 327 | Magic: The Gathering Commander,327,2020-04-28,3309,https://www.youtube.com/watch?v=vHNqIjxMYhQ,complete,description-bookmarks+browser+rapidocr,2026-07-01T21:54:30+00:00,1,
5aXNLpibQIs,603,C20 - New Card Analysis | The Command Zone 326 | Magic: The Gathering Commander,326,2020-04-23,8178,https://www.youtube.com/watch?v=5aXNLpibQIs,complete,description-bookmarks+browser+rapidocr,2026-07-01T21:57:37+00:00,1,
q5nF14sk_X8,605,The Best New Commanders from C20 | The Command Zone 325 | Magic: The Gathering Commander,325,2020-04-17,7788,https://www.youtube.com/watch?v=q5nF14sk_X8,complete,description-bookmarks+browser+rapidocr,2026-07-01T22:01:58+00:00,1,
9Y5Wms1gMaA,606,Abzan Ability Counters - Precon Upgrade Guide | C20 | The Command Zone 324 | Magic: The Gathering,324,2020-04-15,3608,https://www.youtube.com/watch?v=9Y5Wms1gMaA,complete,description-bookmarks+browser+rapidocr,2026-07-01T22:06:58+00:00,1,
oMCG4vAIGLs,607,Sultai Mutate - Precon Upgrade Guide | C20 | The Command Zone 323 | Magic: The Gathering EDH,323,2020-04-13,3724,https://www.youtube.com/watch?v=oMCG4vAIGLs,complete,description-bookmarks+browser+rapidocr,2026-07-02T02:09:32+00:00,1,RuntimeError: Chrome exited before remote debugging became available
z_Ac-5U6VLE,608,Jeskai Cycling - Precon Upgrade Guide | C20 | The Command Zone 322 | Magic: The Gathering EDH,322,2020-04-10,3924,https://www.youtube.com/watch?v=z_Ac-5U6VLE,complete,description-bookmarks+browser+rapidocr,2026-07-02T02:15:02+00:00,1,RuntimeError: Chrome exited before remote debugging became available
owkJUTvc1tQ,609,Mardu Humans- Precon Upgrade Guide | C20 | The Command Zone 321 | Magic: The Gathering EDH,321,2020-04-09,3963,https://www.youtube.com/watch?v=owkJUTvc1tQ,complete,description-bookmarks+browser+rapidocr,2026-07-01T22:16:00+00:00,1,
VzcVuJ4ZWtk,610,Temur Instants Matter - Precon Upgrade Guide | C20 | The Command Zone 320 | Magic: The Gathering,320,2020-04-07,4025,https://www.youtube.com/watch?v=VzcVuJ4ZWtk,complete,description-bookmarks+browser+rapidocr,2026-07-02T02:17:27+00:00,1,"RuntimeError: Timed out while seeking YouTube video to 210.0s; last video state: {'currentTime': 229.58, 'duration': 4024.421, 'readyState': 4, 'networkState': 2, 'paused': False, 'seeking': False, 'ended': False, 'src': 'blob:https://www.youtube.com/0b1adceb-c442-4001-ac3e-2b585c07fff7', 'adShowing': False}"
ci414DwWh9o,611,"JESKAI CYCLING ""Timeless Wisdom"" C20 Full Deck Reveal | The Command Zone 319 | Magic: The Gathering",319,2020-04-06,1957,https://www.youtube.com/watch?v=ci414DwWh9o,complete,description-bookmarks+browser+rapidocr,2026-07-02T02:20:19+00:00,1,"TimeoutError: Locator.screenshot: Timeout 179969ms exceeded.
Call log:
  - taking element screenshot
  - waiting for fonts to load...
  - fonts loaded
  - attempting scroll into view action
    - waiting for element to be stable
"
UgdCRi_g5ik,612,C20 Ikoria Commander Preview Card(s) | The Command Zone 318 | Magic: The Gathering Commander / EDH,318,2020-04-04,2187,https://www.youtube.com/watch?v=UgdCRi_g5ik,complete,description-bookmarks+browser+rapidocr,2026-07-02T02:23:35+00:00,1,"TimeoutError: Locator.evaluate: Timeout 180000ms exceeded.
Call log:
  - waiting for locator(""video"").first
"
TZ9sg25tiW0,613,Ikoria Preview Card - Valiant Rescuer | The Command Zone 317 | Magic: The Gathering Commander / EDH,317,2020-04-03,1207,https://www.youtube.com/watch?v=TZ9sg25tiW0,complete,description-bookmarks+browser+rapidocr,2026-07-02T02:26:23+00:00,1,"RuntimeError: Timed out while seeking YouTube video to 70.0s; last video state: {'currentTime': 97.568515, 'duration': 1206.521, 'readyState': 4, 'networkState': 2, 'paused': False, 'seeking': False, 'ended': False, 'src': 'blob:https://www.youtube.com/85e77388-b0f6-4c21-8c10-1b095fd748ed', 'adShowing': False}"
sA2ibLn2H1g,617,The Most Fun Commanders to Play Against | The Command Zone 316 | Magic Gathering Commander EDH,316,2020-03-24,2960,https://www.youtube.com/watch?v=sA2ibLn2H1g,complete,description-bookmarks+browser+rapidocr,2026-07-05T08:02:23+00:00,1,
pnRVojgNVmk,618,The Worst Commanders to Play Against I The Command Zone 315 Magic: the Gathering Commander / EDH,315,2020-03-17,3121,https://www.youtube.com/watch?v=pnRVojgNVmk,complete,description-bookmarks+browser+rapidocr,2026-07-05T08:04:01+00:00,1,
_PVlG0XcSz0,619,"Proxies, Reprints  and Politics Gone Wrong I The Command Zone 314 I Magic: the Gathering Commander",314,2020-03-10,3903,https://www.youtube.com/watch?v=_PVlG0XcSz0,complete,description-bookmarks+browser+rapidocr,2026-07-05T08:05:29+00:00,1,
pSbtkO4Pwk8,620,The Casual vs Competitive Debate w/ Kyle Hill I The Command Zone 313 I Magic: the Gathering,313,2020-03-05,5630,https://www.youtube.com/watch?v=pSbtkO4Pwk8,complete,description-bookmarks+browser+rapidocr,2026-07-02T08:50:10+00:00,1,"TimeoutError: Locator.screenshot: Timeout 179984ms exceeded.
Call log:
  - taking element screenshot
  - waiting for fonts to load...
  - fonts loaded
  - attempting scroll into view action
    - waiting for element to be stable
"
QMy1K2hQ15M,623,Learn from Our Mistakes I The Command Zone 312 I Magic: the Gathering Commander / EDH,312,2020-02-25,4322,https://www.youtube.com/watch?v=QMy1K2hQ15M,complete,description-bookmarks+browser+rapidocr,2026-07-02T15:20:30+00:00,1,"TimeoutError: Locator.screenshot: Timeout 179953ms exceeded.
Call log:
  - taking element screenshot
  - waiting for fonts to load...
  - fonts loaded
  - attempting scroll into view action
    - waiting for element to be stable
"
AA6OSvt96iw,624,Our Favorite Cards | The Command Zone 311 | Magic Gathering EDH Commander,311,2020-02-18,3925,https://www.youtube.com/watch?v=AA6OSvt96iw,complete,description-bookmarks+browser+rapidocr,2026-07-02T15:24:41+00:00,1,"RuntimeError: Timed out while seeking YouTube video to 60.0s; last video state: {'currentTime': 81.878803, 'duration': 3924.361, 'readyState': 4, 'networkState': 2, 'paused': False, 'seeking': False, 'ended': False, 'src': 'blob:https://www.youtube.com/71ae459a-13ca-4de0-9c5d-f64413b84638', 'adShowing': False}"
1YDfbodyxr0,625,The Commander Way: Lessons from Taoism I The Command Zone 310 I Magic: the Gathering,310,2020-02-11,3517,https://www.youtube.com/watch?v=1YDfbodyxr0,complete,description-bookmarks+browser+rapidocr,2026-07-03T03:23:27+00:00,1,RuntimeError: No description bookmarks at or after 1:00 were available to scan.
NhOYA_2LxzQ,626,How to Connect with New Playgroups | The Command Zone 309 | Magic the Gathering Commander EDH,309,2020-02-04,3272,https://www.youtube.com/watch?v=NhOYA_2LxzQ,complete,description-bookmarks+browser+rapidocr,2026-07-02T16:02:30+00:00,1,RuntimeError: No description bookmarks at or after 1:00 were available to scan.
SX669_q8Vyc,627,Uro – Game Knights Deck Tech I The Command Zone 308 I Magic: the Gathering,308,2020-01-28,2614,https://www.youtube.com/watch?v=SX669_q8Vyc,complete,description-bookmarks+browser+rapidocr,2026-07-02T16:07:48+00:00,1,RuntimeError: No description bookmarks at or after 1:00 were available to scan.
RgA9KyRJNhA,628,Dalakos – Game Knights Deck Tech I The Command Zone 307 I Magic: the Gathering,307,2020-01-24,3195,https://www.youtube.com/watch?v=RgA9KyRJNhA,complete,description-bookmarks+browser+rapidocr,2026-07-02T16:12:54+00:00,1,RuntimeError: No timestamp bookmarks were found in the expanded YouTube description.
Bmby4KouH2o,630,Theros: Beyond Death - Set Review I The Command Zone 306 I Magic: the Gathering,306,2020-01-15,6445,https://www.youtube.com/watch?v=Bmby4KouH2o,complete,description-bookmarks+browser+rapidocr,2026-07-02T16:16:49+00:00,1,RuntimeError: No description bookmarks at or after 1:00 were available to scan.
KuTvkkrBIcw,631,The Best New Commanders from Theros: Beyond Death I The Command Zone 305 I Magic: the Gathering,305,2020-01-10,6203,https://www.youtube.com/watch?v=KuTvkkrBIcw,complete,description-bookmarks+browser+rapidocr,2026-07-02T16:19:58+00:00,1,RuntimeError: No description bookmarks at or after 1:00 were available to scan.
FrSbBMp45rg,632,Theros: Beyond Death Preview Card I The Command Zone 304 I Magic: the Gathering EDH,304,2020-01-08,2483,https://www.youtube.com/watch?v=FrSbBMp45rg,complete,description-bookmarks+browser+rapidocr,2026-07-02T16:24:55+00:00,1,RuntimeError: No description bookmarks at or after 1:00 were available to scan.
73cXVWxkcwU,633,A Complete Guide to Mana Ramp I The Command Zone 303 I Magic: the Gathering Commander EDH,303,2020-01-03,5383,https://www.youtube.com/watch?v=73cXVWxkcwU,complete,description-bookmarks+browser+rapidocr,2026-07-02T16:28:40+00:00,1,RuntimeError: No description bookmarks at or after 1:00 were available to scan.
RctPsvWPEpE,634,The Best of the Year - How did Magic Do in 2019? I The Command Zone 302 I Magic: the Gathering EDH,302,2019-12-26,4142,https://www.youtube.com/watch?v=RctPsvWPEpE,complete,description-bookmarks+browser+rapidocr,2026-07-02T16:31:59+00:00,1,RuntimeError: No timestamp bookmarks were found in the expanded YouTube description.
nIdicl5L5IE,636,Our 300th Episode! GIVEAWAYS Galore! I The Command Zone 300 I Magic: the Gathering EDH,300,2019-12-13,5537,https://www.youtube.com/watch?v=nIdicl5L5IE,complete,description-bookmarks+browser+rapidocr,2026-07-02T16:35:55+00:00,1,"Error: Page.goto: net::ERR_ABORTED at https://www.youtube.com/watch?v=nIdicl5L5IE&autoplay=1
Call log:
  - navigating to ""https://www.youtube.com/watch?v=nIdicl5L5IE&autoplay=1"", waiting until ""domcontentloaded""
"
phEMmDPQ_5E,638,The Best Card In Your Deck I The Command Zone 299 I Magic: the Gathering EDH,299,2019-12-05,3649,https://www.youtube.com/watch?v=phEMmDPQ_5E,complete,description-bookmarks+browser+rapidocr,2026-07-02T07:30:04+00:00,1,"Error: Page.goto: net::ERR_ABORTED at https://www.youtube.com/watch?v=phEMmDPQ_5E&autoplay=1
Call log:
  - navigating to ""https://www.youtube.com/watch?v=phEMmDPQ_5E&autoplay=1"", waiting until ""domcontentloaded""
"
SnS09LMCWLE,640,Building a Commander Cube I The Command Zone 298 I Magic: the Gathering EDH,298,2019-11-25,3664,https://www.youtube.com/watch?v=SnS09LMCWLE,complete,description-bookmarks+browser+rapidocr,2026-07-02T07:32:43+00:00,1,
hpHQqJsnSZI,641,Let’s Fix White in Commander I The Command Zone 297 I Magic: the Gathering EDH,297,2019-11-20,3760,https://www.youtube.com/watch?v=hpHQqJsnSZI,complete,description-bookmarks+browser+rapidocr,2026-07-02T07:35:17+00:00,1,
6jBAj9UxNeA,642,A Guide to Playing Aggro in Commander I The Command Zone 296 I Magic: the Gathering EDH,296,2019-11-15,4174,https://www.youtube.com/watch?v=6jBAj9UxNeA,complete,description-bookmarks+browser+rapidocr,2026-07-02T07:37:36+00:00,1,
mgGm_74Lc9M,644,How to Determine Your Deck’s Power Level I The Command Zone 295 I Magic: the Gathering EDH,295,2019-11-05,4052,https://www.youtube.com/watch?v=mgGm_74Lc9M,complete,description-bookmarks+browser+rapidocr,2026-07-02T16:45:06+00:00,1,
gDagFfCg3pU,645,The Scariest Cards in Commander I The Command Zone 294 I Magic: the Gathering EDH,294,2019-10-31,3499,https://www.youtube.com/watch?v=gDagFfCg3pU,complete,description-bookmarks+browser+rapidocr,2026-07-02T07:39:43+00:00,1,
CPZ9E5ZzXig,647,Best Decks to Build on a Budget w/ The Commander’s Quarters I The Command Zone 293 I Magic MTG,293,2019-10-23,3417,https://www.youtube.com/watch?v=CPZ9E5ZzXig,complete,description-bookmarks+browser+rapidocr,2026-07-02T16:51:58+00:00,1,
PeNZE-wH3Eo,648,Mastering Mental Manipulation in Multiplayer Magic I The Command Zone 292 I Magic: the Gathering,292,2019-10-17,3342,https://www.youtube.com/watch?v=PeNZE-wH3Eo,complete,description-bookmarks+browser+rapidocr,2026-07-02T16:57:00+00:00,1,
UNhKNSxBmIo,650,The Truth About Game Knights I The Command Zone 291 I Magic: the Gathering EDH,291,2019-10-10,3895,https://www.youtube.com/watch?v=UNhKNSxBmIo,complete,description-bookmarks+browser+rapidocr,2026-07-02T17:00:23+00:00,1,
TZCuE2aYeIs,652,The BEST Blue Cards in Commander I The Command Zone 290 I Magic: the Gathering EDH,290,2019-10-01,3308,https://www.youtube.com/watch?v=TZCuE2aYeIs,complete,description-bookmarks+browser+rapidocr,2026-07-02T17:05:41+00:00,1,
l9yXgf60MkA,653,Throne of Eldraine Set Review I The Command Zone 289 I Magic: the Gathering Commander EDH,289,2019-09-26,6026,https://www.youtube.com/watch?v=l9yXgf60MkA,complete,description-bookmarks+browser+rapidocr,2026-07-02T17:13:31+00:00,1,
SOKS7DITOsA,654,The Best New Commanders from Throne of Eldraine I The Command Zone 288 I Magic: the Gathering EDH,288,2019-09-20,4533,https://www.youtube.com/watch?v=SOKS7DITOsA,complete,description-bookmarks+browser+rapidocr,2026-07-02T17:18:55+00:00,1,
RYzy2drIllM,659,Throne of Eldraine Preview Card I The Command Zone 287 I Magic: the Gathering EDH,287,2019-09-11,2811,https://www.youtube.com/watch?v=RYzy2drIllM,complete,description-bookmarks+browser+rapidocr,2026-07-02T17:24:59+00:00,1,
NIEoqjZpPuY,660,Greven Deck Tech and MagicFest Vegas Recap I The Command Zone 286 I Magic: the Gathering EDH,286,2019-09-03,3693,https://www.youtube.com/watch?v=NIEoqjZpPuY,complete,description-bookmarks+browser+rapidocr,2026-07-02T17:31:50+00:00,1,
MfKwBzeaKnw,661,Commander 2019 New Card Analysis I C19 I The Command Zone 285 I Magic: the Gathering EDH,285,2019-08-27,5827,https://www.youtube.com/watch?v=MfKwBzeaKnw,complete,description-bookmarks+browser+rapidocr,2026-07-02T17:35:47+00:00,1,
8C7hnZMV5Ug,662,Naya Populate Precon Upgrade Guide I C19 I The Command Zone 284 I Magic: the Gathering EDH,284,2019-08-23,2870,https://www.youtube.com/watch?v=8C7hnZMV5Ug,complete,description-bookmarks+browser+rapidocr,2026-07-02T17:39:23+00:00,1,
jYJFtHAp5xQ,664,Jeskai Flashback Precon Upgrade Guide I C19 I The Command Zone 283 I Magic: the Gathering EDH,283,2019-08-19,2820,https://www.youtube.com/watch?v=jYJFtHAp5xQ,complete,description-bookmarks+browser+rapidocr,2026-07-02T17:43:01+00:00,1,
-DhmPsCCWGo,665,Rakdos Madness Precon Upgrade Guide I C19 I The Command Zone 282 I Magic: the Gathering EDH,282,2019-08-15,2890,https://www.youtube.com/watch?v=-DhmPsCCWGo,complete,description-bookmarks+browser+rapidocr,2026-07-02T17:48:05+00:00,1,
agKBIK3IJaI,666,Sultai Morph Precon Upgrade Guide I C19 I The Command Zone 281 I Magic: the Gathering EDH,281,2019-08-13,3225,https://www.youtube.com/watch?v=agKBIK3IJaI,complete,description-bookmarks+browser+rapidocr,2026-07-02T17:52:26+00:00,1,
JVBnkTbijl0,667,Breaking Down the C19 Commanders I The Command Zone 280 I Magic: the Gathering EDH,280,2019-08-09,4479,https://www.youtube.com/watch?v=JVBnkTbijl0,complete,description-bookmarks+browser+rapidocr,2026-07-02T17:56:56+00:00,1,
jPRNvnNCsvc,672,Biggest Mistakes New Players Make with Mark Rosewater and Make a Wish | The Command Zone 279 | EDH,279,2019-07-25,3631,https://www.youtube.com/watch?v=jPRNvnNCsvc,complete,description-bookmarks+browser+rapidocr,2026-07-02T18:02:41+00:00,1,
iEsMgvsTi14,673,The Philosophy of Commander with The Professor l The Command Zone 278 l Magic: the Gathering EDH,278,2019-07-17,4515,https://www.youtube.com/watch?v=iEsMgvsTi14,complete,description-bookmarks+browser+rapidocr,2026-07-02T18:11:33+00:00,1,
YMgAY7dXfiA,675,Commander Summit 2019 PART TWO | The Command Zone 277 | Magic: the Gathering Commander/EDH Podcast,277,2019-07-09,4925,https://www.youtube.com/watch?v=YMgAY7dXfiA,complete,description-bookmarks+browser+rapidocr,2026-07-02T18:16:36+00:00,1,
sEoQepKWXQE,676,Major Banning Announcement - Reactions l The Command Zone 276 l Magic: the Gathering EDH,276,2019-07-08,2605,https://www.youtube.com/watch?v=sEoQepKWXQE,complete,description-bookmarks+browser+rapidocr,2026-07-02T18:21:01+00:00,1,
WtAP2AY1hj8,677,Commander Summit 2019 l The Command Zone 275 l Magic: the Gathering EDH,275,2019-07-03,4903,https://www.youtube.com/watch?v=WtAP2AY1hj8,complete,description-bookmarks+browser+rapidocr,2026-07-02T18:24:52+00:00,1,
yO_HGTJo3Ss,678,M20 Set Review l The Command Zone 274 l Magic: the Gathering EDH,274,2019-06-25,6900,https://www.youtube.com/watch?v=yO_HGTJo3Ss,complete,description-bookmarks+browser+rapidocr,2026-07-02T18:30:43+00:00,1,
_Ml1DOf0tEI,679,Maintaining Your Meta l The Command Zone 273 l Magic: the Gathering Commander EDH,273,2019-06-20,3441,https://www.youtube.com/watch?v=_Ml1DOf0tEI,complete,description-bookmarks+browser+rapidocr,2026-07-03T02:18:24+00:00,1,
oDYrPcpEAwA,680,M20 Preview Card l The Command Zone 272 l Magic: the Gathering Commander EDH,272,2019-06-17,2758,https://www.youtube.com/watch?v=oDYrPcpEAwA,complete,description-bookmarks+browser+rapidocr,2026-07-03T03:00:12+00:00,1,
oGmufQEXnac,681,Why Some Commanders Are(n’t) Popular l The Command Zone 271 l Magic: the Gathering Commander EDH,271,2019-06-14,4854,https://www.youtube.com/watch?v=oGmufQEXnac,complete,description-bookmarks+browser+rapidocr,2026-07-03T03:03:53+00:00,1,
CYmj2UbNg8k,683,Magic VS Hearthstone with Amaz l The Command Zone 270 l Magic: the Gathering Commander / EDH,270,2019-06-04,4112,https://www.youtube.com/watch?v=CYmj2UbNg8k,complete,description-bookmarks+browser+rapidocr,2026-07-03T03:08:03+00:00,1,
Lzn37gsjIhM,684,Modern Horizons Set Review l The Command Zone 269 l Magic: the Gathering EDH,269,2019-05-31,7016,https://www.youtube.com/watch?v=Lzn37gsjIhM,complete,description-bookmarks+browser+rapidocr,2026-07-03T03:10:45+00:00,1,
SwJxdIQKFOE,686,Modern Horizons Preview Card l The Command Zone 268 l Magic: the Gathering Commander / EDH,268,2019-05-21,2598,https://www.youtube.com/watch?v=SwJxdIQKFOE,complete,description-bookmarks+browser+rapidocr,2026-07-03T03:14:17+00:00,1,
co25vcPvDsE,687,The Power of Priority (and The Stack) | The Command Zone 267 | Magic: the Gathering EDH,267,2019-05-14,4520,https://www.youtube.com/watch?v=co25vcPvDsE,complete,description-bookmarks+browser+rapidocr,2026-07-03T03:19:06+00:00,1,
KD7odddh-ik,688,Commander Variants with LoadingReadyRun l The Command Zone 266 l Magic: the Gathering EDH,266,2019-05-07,4499,https://www.youtube.com/watch?v=KD7odddh-ik,complete,description-bookmarks+browser+rapidocr,2026-07-04T05:34:36+00:00,1,
6lODt4BP3Qo,689,Ultimate Guide to Planeswalkers in Commander l The Command Zone 265 l Magic: the Gathering EDH,265,2019-05-03,4168,https://www.youtube.com/watch?v=6lODt4BP3Qo,complete,description-bookmarks+browser+rapidocr,2026-07-05T08:07:57+00:00,1,
l81VbOU-BCA,691,War of the Spark Set Review l The Command Zone 264 l Magic: the Gathering EDH,264,2019-04-23,5299,https://www.youtube.com/watch?v=l81VbOU-BCA,complete,description-bookmarks+browser+rapidocr,2026-07-03T05:01:07+00:00,1,
lCwBD_VFMzs,692,War of the Spark Planeswalker Set Review l The Command Zone 263 l Magic: the Gathering EDH,263,2019-04-19,5025,https://www.youtube.com/watch?v=lCwBD_VFMzs,complete,description-bookmarks+browser+rapidocr,2026-07-03T05:03:42+00:00,1,
RHRco1I3dos,693,Firesong and Sunspeaker Game Knights Deck Tech l The Command Zone 262 l Magic: the Gathering EDH,262,2019-04-11,2670,https://www.youtube.com/watch?v=RHRco1I3dos,complete,description-bookmarks+browser+rapidocr,2026-07-03T05:06:27+00:00,1,
f6tp7JbeuwQ,695,MOST WANTED COMMANDER REPRINTS in Modern Horizons l The Command Zone 261 l Magic: the Gathering EDH,261,2019-04-05,4634,https://www.youtube.com/watch?v=f6tp7JbeuwQ,complete,description-bookmarks+browser+rapidocr,2026-07-03T05:08:52+00:00,1,
UVaNLeXjraw,697,How to Reach Mythic in Arena l The Command Zone 260 l Magic: the Gathering EDH,260,,3800,https://www.youtube.com/watch?v=UVaNLeXjraw,retry,description-bookmarks+browser+rapidocr,2026-07-05T08:10:07+00:00,0,
w94x0aDkOAM,698,Ashlen’s Kozilek Game Knights Deck Tech l The Command Zone 259 l Magic: the Gathering EDH,259,2019-03-19,2889,https://www.youtube.com/watch?v=w94x0aDkOAM,complete,description-bookmarks+browser+rapidocr,2026-07-03T05:12:09+00:00,1,
hi1c2MVrWi8,699,Jacob’s Game Knights Deck Tech l The Command Zone 258 l Magic: the Gathering EDH,258,2019-03-12,3869,https://www.youtube.com/watch?v=hi1c2MVrWi8,complete,description-bookmarks+browser+rapidocr,2026-07-03T05:14:02+00:00,1,
7ccfmSeCpR8,700,Biggest Gameplay Mistakes (That Cost You Wins) l The Command Zone 257 l Magic: the Gathering EDH,257,,3986,https://www.youtube.com/watch?v=7ccfmSeCpR8,retry,description-bookmarks+browser+rapidocr,2026-07-05T08:11:08+00:00,0,
us5nhRACGeU,702,Should Infect Be Changed in EDH? l The Command Zone 256 l Magic: the Gathering EDH,256,2019-02-19,3467,https://www.youtube.com/watch?v=us5nhRACGeU,complete,description-bookmarks+browser+rapidocr,2026-07-03T05:17:31+00:00,1,
onJ-7toMx3Q,703,How to BLING Out Your Deck l The Command Zone 255 l Magic: the Gathering EDH,255,2019-02-14,5859,https://www.youtube.com/watch?v=onJ-7toMx3Q,complete,description-bookmarks+browser+rapidocr,2026-07-03T05:19:39+00:00,1,
tSsrS0gAZ1M,704,Cards You Should Be Playing (But Aren’t) l The Command Zone 254 l Magic: the Gathering EDH,254,2019-02-05,4220,https://www.youtube.com/watch?v=tSsrS0gAZ1M,complete,description-bookmarks+browser+rapidocr,2026-07-03T05:21:04+00:00,1,
LawUZZEwsJ0,705,To The Rules Committee l The Command Zone 253 l Magic: the Gathering EDH,253,2019-01-29,4378,https://www.youtube.com/watch?v=LawUZZEwsJ0,complete,description-bookmarks+browser+rapidocr,2026-07-03T05:22:37+00:00,1,
8j8f1djWsZw,707,Lavinia – Game Knights Deck Tech l The Command Zone 252 l Magic: the Gathering EDH,252,2019-01-22,3279,https://www.youtube.com/watch?v=8j8f1djWsZw,complete,description-bookmarks+browser+rapidocr,2026-07-03T05:24:38+00:00,1,
2xwfJ0fY0pg,708,Judith – Game Knights Deck Tech l The Command Zone 251 l Magic: the Gathering EDH,251,2019-01-15,3066,https://www.youtube.com/watch?v=2xwfJ0fY0pg,complete,description-bookmarks+browser+rapidocr,2026-07-03T05:27:15+00:00,1,
fhDTouEpDZs,709,Ravnica Allegiance Set Review l The Command Zone 250 l Magic: the Gathering EDH,250,2019-01-11,5724,https://www.youtube.com/watch?v=fhDTouEpDZs,complete,description-bookmarks+browser+rapidocr,2026-07-03T05:29:07+00:00,1,
rB6veHAqR08,710,How NOT to Evaluate Cards +RNA Preview l The Command Zone 249 l Magic: the Gathering EDH,249,2019-01-03,3837,https://www.youtube.com/watch?v=rB6veHAqR08,complete,description-bookmarks+browser+rapidocr,2026-07-03T05:31:22+00:00,1,
NS1Mqas-xBA,711,What Magic Did Wrong (and Right!) This Year l The Command Zone 248 l Magic: the Gathering EDH,248,2018-12-27,5870,https://www.youtube.com/watch?v=NS1Mqas-xBA,complete,description-bookmarks+browser+rapidocr,2026-07-03T05:33:35+00:00,1,
WIw47eA2Wi4,712,Problems With Your Playgroup l The Command Zone 247 l Magic: the Gathering EDH,247,2018-12-18,3536,https://www.youtube.com/watch?v=WIw47eA2Wi4,complete,description-bookmarks+browser+rapidocr,2026-07-03T05:35:49+00:00,1,
vQe-XnDdAVE,713,DJ’s Final Episode - Jumbo Politics l The Command Zone 246 l Magic: the Gathering EDH,246,2018-12-14,4214,https://www.youtube.com/watch?v=vQe-XnDdAVE,complete,description-bookmarks+browser+rapidocr,2026-07-03T05:37:44+00:00,1,
dP16gWToUcc,715,Most Hated Commanders | The Command Zone 245 | Magic: the Gathering EDH,245,2018-12-04,3360,https://www.youtube.com/watch?v=dP16gWToUcc,complete,description-bookmarks+browser+rapidocr,2026-07-03T05:39:29+00:00,1,
YYPvrWMP1Rg,716,Most Overrated Cards in Commander | The Command Zone 244 | Magic: the Gathering Commander EDH,244,2018-11-27,4889,https://www.youtube.com/watch?v=YYPvrWMP1Rg,complete,description-bookmarks+browser+rapidocr,2026-07-03T05:41:25+00:00,1,
UJT4mgu3VbU,717,Ultimate Masters Discussion + Preview Card l The Command Zone 243 l Magic: the Gathering EDH,243,2018-11-20,3955,https://www.youtube.com/watch?v=UJT4mgu3VbU,complete,description-bookmarks+browser+rapidocr,2026-07-03T05:43:34+00:00,1,
ONSecW-lDnM,718,Things Commander Players Need To STOP Doing l The Command Zone 242 l Magic: the Gathering EDH,242,2018-11-13,3109,https://www.youtube.com/watch?v=ONSecW-lDnM,complete,description-bookmarks+browser+rapidocr,2026-07-03T05:45:06+00:00,1,
cFXIj1TfULY,719,Are There Cards You Shouldn’t Play? l The Command Zone 241 l Magic: the Gathering EDH,241,2018-11-08,4985,https://www.youtube.com/watch?v=cFXIj1TfULY,complete,description-bookmarks+browser+rapidocr,2026-07-03T05:46:42+00:00,1,
qSh2p1e13d0,721,Braids Deck Tech | DJ’s Favorite Deck! | The Command Zone 240 | Magic the Gathering EDH,240,2018-10-30,4469,https://www.youtube.com/watch?v=qSh2p1e13d0,complete,description-bookmarks+browser+rapidocr,2026-07-03T05:48:21+00:00,1,
ttGjuNXWxpY,723,Which Color is the Strongest? Gameplay STATS (pt2) l The Command Zone 239 l Magic the Gathering EDH,239,2018-10-24,5064,https://www.youtube.com/watch?v=ttGjuNXWxpY,complete,description-bookmarks+browser+rapidocr,2026-07-03T05:50:00+00:00,1,
cOxJOjEow5s,725,Top BUDGET Blue Cards l The Command Zone 237 l Magic: the Gathering Commander EDH,237,2018-10-09,3242,https://www.youtube.com/watch?v=cOxJOjEow5s,complete,description-bookmarks+browser+rapidocr,2026-07-03T05:51:42+00:00,1,
zi7oyxp8sYM,727,Emmara Deck Tech l The Command Zone 236 l Magic: the Gathering Commander EDH,236,2018-10-02,3628,https://www.youtube.com/watch?v=zi7oyxp8sYM,complete,description-bookmarks+browser+rapidocr,2026-07-03T05:53:53+00:00,1,
Q5Gz1fsacns,729,Izoni Deck Tech w/ Adam Savidan l The Command Zone 235 l Magic: the Gathering Commander EDH,235,2018-09-25,4412,https://www.youtube.com/watch?v=Q5Gz1fsacns,complete,description-bookmarks+browser+rapidocr,2026-07-03T05:56:47+00:00,1,
20Uuo2Q9MIs,730,Guilds of Ravnica Set Review l The Command Zone 234 l Magic: the Gathering Commander EDH,234,2018-09-20,7419,https://www.youtube.com/watch?v=20Uuo2Q9MIs,complete,description-bookmarks+browser+rapidocr,2026-07-03T05:58:51+00:00,1,
uKiJyu3oWkE,731,"Guilds of Ravnica Preview - Etrata, the Silencer l The Command Zone 233 l Magic the Gathering EDH",233,2018-09-17,1970,https://www.youtube.com/watch?v=uKiJyu3oWkE,complete,description-bookmarks+browser+rapidocr,2026-07-03T13:50:16+00:00,1,
7a7U28Oh4EQ,732,Jimmy’s Surprise Visit l Commander Q & A l The Command Zone 232 l Magic the Gathering EDH,232,2018-09-12,3224,https://www.youtube.com/watch?v=7a7U28Oh4EQ,complete,description-bookmarks+browser+rapidocr,2026-07-03T13:59:43+00:00,1,
WVtqB-894lI,733,"Selvala, Heart of the Wilds Deck Tech | The Command Zone 231 | Magic the Gathering Commander/EDH",231,2018-09-04,3354,https://www.youtube.com/watch?v=WVtqB-894lI,complete,description-bookmarks+browser+rapidocr,2026-07-03T14:03:23+00:00,1,
6OC4L9mNCWU,734,Commander Format Wish List l The Command Zone 230 l Magic: the Gathering EDH,230,2018-08-30,4593,https://www.youtube.com/watch?v=6OC4L9mNCWU,complete,description-bookmarks+browser+rapidocr,2026-07-03T14:07:11+00:00,1,
jKTSj8v7w1M,735,Is C18 a Failure? l The Command Zone 229 l Magic: the Gathering EDH,229,2018-08-23,4353,https://www.youtube.com/watch?v=jKTSj8v7w1M,complete,description-bookmarks+browser+rapidocr,2026-07-03T14:09:27+00:00,1,
iKPi_-XQsW4,736,"Varina, Lich Queen – C18 Deck Tech l The Command Zone 228 l Magic: the Gathering EDH",228,2018-08-16,3910,https://www.youtube.com/watch?v=iKPi_-XQsW4,complete,description-bookmarks+browser+rapidocr,2026-07-03T14:11:59+00:00,1,
byJ3B-GOU3M,737,"Xantcha, Sleeper Agent – C18 Deck Tech l The Command Zone 227 l Magic: the Gathering EDH",227,2018-08-14,3787,https://www.youtube.com/watch?v=byJ3B-GOU3M,complete,description-bookmarks+browser+rapidocr,2026-07-03T14:13:55+00:00,1,
TVyZdOst3Wk,738,Brewing Brudiclad – C18 Deck Tech l The Command Zone 226 l Magic: the Gathering EDH,226,2018-08-10,3534,https://www.youtube.com/watch?v=TVyZdOst3Wk,complete,description-bookmarks+browser+rapidocr,2026-07-03T14:15:51+00:00,1,
LOoUZdMptZg,740,C18: Best New Cards | The Command Zone 225 | Magic: the Gathering Commander/EDH Podcast,225,,4577,https://www.youtube.com/watch?v=LOoUZdMptZg,retry,description-bookmarks+browser+rapidocr,2026-07-05T08:12:08+00:00,1,
gfrT2uNVq7Y,741,Aminatou Esper - Commander 2018 - Subjective Reality | The Command Zone 224 | Magic: the Gathering,224,2018-08-02,4415,https://www.youtube.com/watch?v=gfrT2uNVq7Y,complete,description-bookmarks+browser+rapidocr,2026-07-03T14:18:59+00:00,1,
ooJruaL8xIc,742,Adaptive Enchantments - Commander 2018 - Estrid Review l The Command Zone 223 l Magic the Gathering,223,2018-07-30,4333,https://www.youtube.com/watch?v=ooJruaL8xIc,complete,description-bookmarks+browser+rapidocr,2026-07-03T14:21:46+00:00,1,
K5tEx8hRZaM,743,Lands Matter- Commander 2018- Nature's Vengeance | The Command Zone 222 | Magic: the Gathering,222,2018-07-28,4178,https://www.youtube.com/watch?v=K5tEx8hRZaM,complete,description-bookmarks+browser+rapidocr,2026-07-03T14:24:44+00:00,1,
-jsbFDRoqm0,744,Saheeli Artifacts- Commander 2018- Exquisite Invention | The Command Zone 221 | Magic the Gathering,221,2018-07-27,4114,https://www.youtube.com/watch?v=-jsbFDRoqm0,complete,description-bookmarks+browser+rapidocr,2026-07-03T14:27:51+00:00,1,
_69OKoIdNb4,745,"Commander 2018 Preview Card - Gyrus, Waker of Corpses | The Command Zone 220 | Magic: the Gathering",220,2018-07-24,943,https://www.youtube.com/watch?v=_69OKoIdNb4,complete,description-bookmarks+browser+rapidocr,2026-07-03T14:30:46+00:00,1,
ZdTXA1oxSSA,746,Chromium and the Voltron Debate | The Command Zone 219 | Magic: the Gathering Commander/EDH Podcast,219,2018-07-17,4214,https://www.youtube.com/watch?v=ZdTXA1oxSSA,complete,description-bookmarks+browser+rapidocr,2026-07-03T14:32:16+00:00,1,
DuB8Y8Y_0qQ,747,Underrated Favorites in Commander | The Command Zone 218 | Magic: the Gathering EDH,218,2018-07-10,4335,https://www.youtube.com/watch?v=DuB8Y8Y_0qQ,complete,description-bookmarks+browser+rapidocr,2026-07-03T14:34:39+00:00,1,
dDVrAb_GfxU,748,How to Power-up Your Decks | The Command Zone 217 | Magic: the Gathering Commander/EDH Podcast,217,2018-07-03,5971,https://www.youtube.com/watch?v=dDVrAb_GfxU,complete,description-bookmarks+browser+rapidocr,2026-07-03T14:37:25+00:00,1,
aswCyuYhFOg,750,M19 Set Review | The Command Zone 216 | Magic: the Gathering Commander/EDH Podcast,216,2018-06-26,8653,https://www.youtube.com/watch?v=aswCyuYhFOg,complete,description-bookmarks+browser+rapidocr,2026-07-03T14:39:47+00:00,1,
XeQlMLi6gZI,751,MTG Arena +M19 Preview Card w/ Ashlen Rose | The Command Zone 215 | Magic: the Gathering Commander,215,2018-06-20,5328,https://www.youtube.com/watch?v=XeQlMLi6gZI,complete,description-bookmarks+browser+rapidocr,2026-07-03T14:41:46+00:00,1,
xeD35RKuRy0,752,Should ALL Planeswalkers Be Legal As Commanders? | The Command Zone 214 | Magic: the Gathering EDH,214,2018-06-12,5195,https://www.youtube.com/watch?v=xeD35RKuRy0,complete,description-bookmarks+browser+rapidocr,2026-07-03T14:49:15+00:00,1,
XZniK9v1Xg0,753,The Best Partner Commanders | The Command Zone 213 | Magic the Gathering Commander / EDH,213,2018-06-06,4028,https://www.youtube.com/watch?v=XZniK9v1Xg0,complete,description-bookmarks+browser+rapidocr,2026-07-03T14:52:02+00:00,1,
zRxGewAY-nE,754,Battlebond Set Review l The Command Zone 212 l Magic: the Gathering Commander/EDH,212,2018-05-30,4911,https://www.youtube.com/watch?v=zRxGewAY-nE,complete,description-bookmarks+browser+rapidocr,2026-07-03T14:53:50+00:00,1,
kib6r2olta4,755,Shadowborn Apostle Deck Tech +Battlebond Previews | The Command Zone 211 | Magic the Gathering,211,,3878,https://www.youtube.com/watch?v=kib6r2olta4,retry,description-bookmarks+browser+rapidocr,2026-07-05T08:13:21+00:00,0,
jotRWbaMwns,757,What is the Right Way to Concede in Commander? | The Command Zone 210 | Magic: the Gathering EDH,210,2018-05-16,3186,https://www.youtube.com/watch?v=jotRWbaMwns,complete,description-bookmarks+browser+rapidocr,2026-07-03T16:23:24+00:00,1,
Kmv4rkumcHg,758,Commander Politics: Deals & Alliances | The Command Zone 209 | Magic: the Gathering EDH,209,2018-05-10,4434,https://www.youtube.com/watch?v=Kmv4rkumcHg,complete,description-bookmarks+browser+rapidocr,2026-07-03T16:24:49+00:00,1,
FO5MBBodrfc,759,Jodah Brawl Deck Tech | The Command Zone 208 | Magic: the Gathering Commander/EDH Podcast,208,2018-05-01,3057,https://www.youtube.com/watch?v=FO5MBBodrfc,complete,description-bookmarks+browser+rapidocr,2026-07-03T16:27:12+00:00,1,
sURhDr-DTd0,760,Muldrotha Brawl Deck Tech l The Command Zone 207 l Magic: the Gathering Commander / EDH,207,2018-04-26,2691,https://www.youtube.com/watch?v=sURhDr-DTd0,complete,description-bookmarks+browser+rapidocr,2026-07-03T16:29:36+00:00,1,
CZv6DkDap-M,762,Dominaria Set Review | The Command Zone 206 | Magic: the Gathering Commander EDH,206,2018-04-18,5701,https://www.youtube.com/watch?v=CZv6DkDap-M,complete,description-bookmarks+browser+rapidocr,2026-07-03T16:32:23+00:00,1,
IhlB1I2VLU8,763,How to Play Control with Jumbo Commander | The Command Zone 205 | Magic: the Gathering EDH,205,2018-04-10,4269,https://www.youtube.com/watch?v=IhlB1I2VLU8,complete,description-bookmarks+browser+rapidocr,2026-07-03T16:34:16+00:00,1,
_ZiWkRiM-b0,764,Is the Brawl Format Good? +Dominaria Preview | The Command Zone 204 | Magic: the Gathering/EDH,204,2018-04-04,3795,https://www.youtube.com/watch?v=_ZiWkRiM-b0,complete,description-bookmarks+browser+rapidocr,2026-07-03T16:35:51+00:00,1,
CT1btaotMpk,765,"Grenzo, Dungeon Warden Deck Tech | The Command Zone 203 | Magic: the Gathering Commander Podcast",203,2018-03-27,2990,https://www.youtube.com/watch?v=CT1btaotMpk,complete,description-bookmarks+browser+rapidocr,2026-07-03T21:13:21+00:00,1,
VRmp665LMIU,766,Animar Morph Deck Tech with Vinny l The Command Zone 202 | Magic: the Gathering Commander/EDH,202,2018-03-20,3991,https://www.youtube.com/watch?v=VRmp665LMIU,complete,description-bookmarks+browser+rapidocr,2026-07-03T21:15:31+00:00,1,
k7FsUBnhJ4I,767,What is the State of the Commander Format? Commander Summit 2018 l The Command Zone 201,201,2018-03-16,6110,https://www.youtube.com/watch?v=k7FsUBnhJ4I,complete,description-bookmarks+browser+rapidocr,2026-07-03T21:17:37+00:00,1,
41AhC8VDpn0,769,Episode 200 Extravaganza with Over 30 Special Guests | The Command Zone 200 | Magic: the Gathering,200,2018-03-06,4719,https://www.youtube.com/watch?v=41AhC8VDpn0,complete,description-bookmarks+browser+rapidocr,2026-07-03T21:19:18+00:00,1,
0fgxmEfMWrY,770,Must-Have Commander Cards + Masters 25 Previews | The Command Zone 199 | Magic: the Gathering EDH,199,2018-02-28,5029,https://www.youtube.com/watch?v=0fgxmEfMWrY,complete,description-bookmarks+browser+rapidocr,2026-07-03T21:21:47+00:00,1,
lianKU4GftE,772,Most Underrated Cards in Commander l The Command Zone 198 | Magic: the Gathering Commander/EDH,198,2018-02-15,4094,https://www.youtube.com/watch?v=lianKU4GftE,complete,description-bookmarks+browser+rapidocr,2026-07-03T21:23:38+00:00,1,
iGm7lgKVa1E,773,How Useful is the Banlist? | The Command Zone 197 | Magic: the Gathering Commander/EDH Podcast,197,2018-02-07,3419,https://www.youtube.com/watch?v=iGm7lgKVa1E,complete,description-bookmarks+browser+rapidocr,2026-07-03T21:27:05+00:00,1,
ZNx4F2mQJUk,775,Top 10 Biggest Mistakes Commander Players Make | The Command Zone 196 | Magic: the Gathering EDH,196,2018-01-30,3203,https://www.youtube.com/watch?v=ZNx4F2mQJUk,complete,description-bookmarks+browser+rapidocr,2026-07-03T21:28:52+00:00,1,
vfMn1ASQPBs,776,Kumena - Best Merfolk Commander Ever? | The Command Zone 195 | Magic: the Gathering Commander/EDH,195,2018-01-23,3560,https://www.youtube.com/watch?v=vfMn1ASQPBs,complete,description-bookmarks+browser+rapidocr,2026-07-03T21:30:29+00:00,1,
bzjfB6iauL0,777,"Elenda, the Dusk Rose - Deck Tech l The Command Zone 194 l Magic the Gathering Commander EDH",194,2018-01-18,2964,https://www.youtube.com/watch?v=bzjfB6iauL0,complete,description-bookmarks+browser+rapidocr,2026-07-03T21:32:30+00:00,1,
oxC6rfyFkMk,779,Rivals of Ixalan Set Review | The Command Zone 193 | Magic: the Gathering Commander/EDH Podcast,193,2018-01-09,4919,https://www.youtube.com/watch?v=oxC6rfyFkMk,complete,description-bookmarks+browser+rapidocr,2026-07-04T03:05:08+00:00,1,
qqpW8D9Hhoc,780,Rivals of Ixalan Preview & Deck Tech - Zacama | The Command Zone 192 | Magic the Gathering,192,2018-01-04,3692,https://www.youtube.com/watch?v=qqpW8D9Hhoc,complete,description-bookmarks+browser+rapidocr,2026-07-04T03:08:15+00:00,1,
uA8zsRagXX4,781,Best of 2017 - Year in Review | The Command Zone 191 | Magic: the Gathering Commander/EDH Podcast,191,2017-12-29,5297,https://www.youtube.com/watch?v=uA8zsRagXX4,complete,description-bookmarks+browser+rapidocr,2026-07-04T03:12:31+00:00,1,
44jPKGC9348,782,Lessons from The Great War | The Command Zone 190 | Magic: the Gathering Commander/EDH Podcast,190,2017-12-21,4187,https://www.youtube.com/watch?v=44jPKGC9348,complete,description-bookmarks+browser+rapidocr,2026-07-04T03:15:22+00:00,1,
wxaMk3LYitw,783,Building Around Unstable Legends | The Command Zone 189 | Magic: the Gathering EDH Podcast,189,2017-12-13,3435,https://www.youtube.com/watch?v=wxaMk3LYitw,complete,description-bookmarks+browser+rapidocr,2026-07-04T03:17:59+00:00,1,
OwR6dgeGoxg,785,Unstable Cards in Commander| The Command Zone 188 | Magic: the Gathering Commander/EDH Podcast,188,2017-12-04,4836,https://www.youtube.com/watch?v=OwR6dgeGoxg,complete,description-bookmarks+browser+rapidocr,2026-07-04T03:21:55+00:00,1,
ErdYxH6N_6I,786,The Most Powerful Commander Decks | The Command Zone 187 | Magic: the Gathering EDH Podcast,187,2017-11-20,3394,https://www.youtube.com/watch?v=ErdYxH6N_6I,complete,description-bookmarks+browser+rapidocr,2026-07-04T03:28:35+00:00,1,
WtLBBe-xaZ0,788,Words of Wizdom | The Command Zone 186 | Magic: the Gathering Commander/EDH Podcast,186,2017-11-13,3016,https://www.youtube.com/watch?v=WtLBBe-xaZ0,complete,description-bookmarks+browser+rapidocr,2026-07-04T03:31:46+00:00,1,
GgqLu3JewvI,789,My Playgroup Always Targets Me First | The Command Zone 185 | Magic: the Gathering Commander/EDH,185,2017-11-07,3045,https://www.youtube.com/watch?v=GgqLu3JewvI,complete,description-bookmarks+browser+rapidocr,2026-07-04T03:35:37+00:00,1,
qLhGE66i-vw,790,Inside the Mind of Magic Artist Jesper Ejsing | The Command Zone 184 | Magic the Gathering EDH,184,2017-10-31,3752,https://www.youtube.com/watch?v=qLhGE66i-vw,complete,description-bookmarks+browser+rapidocr,2026-07-04T03:38:49+00:00,1,
82X0dB-gdb4,791,Threat Assessment Case Studies | The Command Zone 183 | Magic: the Gathering Commander/EDH Podcast,183,2017-10-26,3550,https://www.youtube.com/watch?v=82X0dB-gdb4,complete,description-bookmarks+browser+rapidocr,2026-07-04T03:44:46+00:00,1,
z9DoLwP3OhQ,793,Politics with The Professor! | The Command Zone 182 | Magic: the Gathering Commander/EDH Podcast,182,2017-10-11,3500,https://www.youtube.com/watch?v=z9DoLwP3OhQ,complete,description-bookmarks+browser+rapidocr,2026-07-04T03:48:19+00:00,1,
M4N-dL_CeqE,794,The Right Way to NETDECK | The Command Zone 181 | Magic: the Gathering Commander/EDH Podcast,181,2017-10-03,2610,https://www.youtube.com/watch?v=M4N-dL_CeqE,complete,description-bookmarks+browser+rapidocr,2026-07-04T03:50:47+00:00,1,
lkWJcUyUHX4,795,Most Annoying Cards in EDH | The Command Zone 180 | Magic: the Gathering Commander/EDH Podcast,180,2017-09-27,3417,https://www.youtube.com/watch?v=lkWJcUyUHX4,complete,description-bookmarks+browser+rapidocr,2026-07-04T03:54:09+00:00,1,
8BT0LMsvoag,797,Ixalan SET REVIEW for Commander | The Command Zone 179 | Magic: the Gathering Commander/EDH Podcast,179,2017-09-15,4477,https://www.youtube.com/watch?v=8BT0LMsvoag,complete,description-bookmarks+browser+rapidocr,2026-07-04T03:58:11+00:00,1,
obwekjqpYMQ,798,"Ramos, Dragon Engine Deck Tech & IXALAN PREVIEW | The Command Zone 178 | Magic Podcast",178,2017-09-13,3286,https://www.youtube.com/watch?v=obwekjqpYMQ,complete,description-bookmarks+browser+rapidocr,2026-07-04T05:39:42+00:00,1,
z6S9-VFFBt4,799,"Mairsil, The Pretender DECK TECH | The Command Zone 177 | Magic Commander EDH Podcast",177,2017-09-06,2985,https://www.youtube.com/watch?v=z6S9-VFFBt4,complete,description-bookmarks+browser+rapidocr,2026-07-05T08:29:21+00:00,0,
dER3XEMDt58,800,"Is Kess, Dissident Mage the Best Commander from C17? | The Command Zone 176 | Magic the Gathering",176,2017-09-01,3557,https://www.youtube.com/watch?v=dER3XEMDt58,complete,description-bookmarks+browser+rapidocr,2026-07-04T04:32:22+00:00,1,
wnqZb1WUlic,801,How Would A Spike Build EDGAR MARKOV? | The Command Zone 175 | Magic Commander Podcast,175,2017-08-25,3189,https://www.youtube.com/watch?v=wnqZb1WUlic,complete,description-bookmarks+browser+rapidocr,2026-07-04T04:39:13+00:00,1,
QN68B_bEMEw,802,The Best 5 Color Dragon EVER? CMDR 2017 Dragon Deck Review | The Command Zone 174 | Magic Podcast,174,2017-08-23,3147,https://www.youtube.com/watch?v=QN68B_bEMEw,complete,description-bookmarks+browser+rapidocr,2026-07-04T04:43:07+00:00,1,
n_xlEgAJMYU,803,Can Cat Tribal be Competitive? CMDR 2017 Cat Deck Review | The Command Zone 173 | Commander Podcast,173,2017-08-18,3322,https://www.youtube.com/watch?v=n_xlEgAJMYU,complete,description-bookmarks+browser+rapidocr,2026-07-04T04:46:26+00:00,1,
1G4IaB0iHgw,805,Which Commander 2017 Deck Is the BEST? | The Command Zone 171 | Magic Podcast,171,2017-08-13,3734,https://www.youtube.com/watch?v=1G4IaB0iHgw,complete,description-bookmarks+browser+rapidocr,2026-07-04T04:49:30+00:00,1,
sEsl4K2C-p8,807,COMMANDER 2017 - Boneyard Scourge & Fortunate Few | The Command Zone 170,170,2017-08-08,1136,https://www.youtube.com/watch?v=sEsl4K2C-p8,complete,description-bookmarks+browser+rapidocr,2026-07-04T04:52:51+00:00,1,
Zqbg1R5riVk,808,How Many Infinite Combos Is TOO Many? | The Command Zone 169 | Magic Commander Podcast,169,2017-08-01,3818,https://www.youtube.com/watch?v=Zqbg1R5riVk,complete,description-bookmarks+browser+rapidocr,2026-07-04T04:54:44+00:00,1,
56O8fuSaFNA,809,Evaluating New Mechanics: Amonkhet / Hour of Devastation | The Command Zone 168 | Commander Podcast,168,2017-07-25,3420,https://www.youtube.com/watch?v=56O8fuSaFNA,complete,description-bookmarks+browser+rapidocr,2026-07-04T04:57:31+00:00,1,
NsgXHtoS-OQ,810,"Brewing with the New Gods (Locust, Scarab, Scorpion) | The Command Zone 167 | Magic Podcast",167,2017-07-18,4252,https://www.youtube.com/watch?v=NsgXHtoS-OQ,complete,description-bookmarks+browser+rapidocr,2026-07-04T05:42:13+00:00,1,
tV60k69sUWU,812,"Adjusting to New Metas, LIVE at GP Vegas | The Command Zone 166 | Magic the Gathering Podcast",166,2017-07-11,6061,https://www.youtube.com/watch?v=tV60k69sUWU,complete,description-bookmarks+browser+rapidocr,2026-07-04T05:44:41+00:00,1,
eBM_Vgw91NA,814,Hour of Devastation Commander SET REVIEW | The Command Zone 165 | Magic Commander/EDH Podcast,165,2017-07-04,5123,https://www.youtube.com/watch?v=eBM_Vgw91NA,complete,description-bookmarks+browser+rapidocr,2026-07-04T05:46:45+00:00,1,
ryMgNtFQh-s,815,A Guide to Magic Grand Prix Events | The Command Zone 164 | Magic: the Gathering,164,,3320,https://www.youtube.com/watch?v=ryMgNtFQh-s,permanent_skip,description-bookmarks+browser+rapidocr,2026-07-04T05:48:23+00:00,0,
Ynv1jPJjgnk,816,"UNESH, CRIOSPHINX SOVEREIGN - Hour of Devastation Preview | The Command Zone 163 | Magic Podcast",163,,1005,https://www.youtube.com/watch?v=Ynv1jPJjgnk,permanent_skip,description-bookmarks+browser+rapidocr,2026-07-04T06:42:42+00:00,0,
rMoY6p_sEhY,817,Saving MONEY in Commander with Jason Alt | The Command Zone 162 | Magic Podcast,162,,3950,https://www.youtube.com/watch?v=rMoY6p_sEhY,permanent_skip,description-bookmarks+browser+rapidocr,2026-07-04T06:44:14+00:00,0,
M8ShIvFAV_0,818,The Top 5 OVERRATED Cards in Commander | The Command Zone 161 | Magic: the Gathering Commander,161,,3361,https://www.youtube.com/watch?v=M8ShIvFAV_0,permanent_skip,description-bookmarks+browser+rapidocr,2026-07-04T06:46:48+00:00,0,
HlPiezJvpm0,820,The Netdecking Dilemma with Stybs | The Command Zone 160 | Magic: the Gathering Commander,160,,4897,https://www.youtube.com/watch?v=HlPiezJvpm0,permanent_skip,description-bookmarks+browser+rapidocr,2026-07-04T06:48:54+00:00,0,
cEsSIUlOfp0,821,TOP 10 Black & Green EDH Cards (Revisited) | The Command Zone 159 | Magic Commander,159,,4963,https://www.youtube.com/watch?v=cEsSIUlOfp0,permanent_skip,description-bookmarks+browser+rapidocr,2026-07-04T06:50:23+00:00,0,
HAvDdi1p-a4,822,BREAKING BOROS | How to Win with Red/White l The Command Zone 158 | Magic: the Gathering Commander,158,,4051,https://www.youtube.com/watch?v=HAvDdi1p-a4,permanent_skip,description-bookmarks+browser+rapidocr,2026-07-04T06:52:05+00:00,0,
kH1jgswi2sk,823,Magic Community SPOTLIGHT! | The Command Zone 157 | Magic: the Gathering Commander/EDH Podcast,157,,4546,https://www.youtube.com/watch?v=kH1jgswi2sk,permanent_skip,description-bookmarks+browser+rapidocr,2026-07-04T06:54:00+00:00,1,
4GeR1xraPxU,824,The Importance of MANA CURVE | The Command Zone 156 | Magic: the Gathering Commander/EDH Podcast,156,,3587,https://www.youtube.com/watch?v=4GeR1xraPxU,permanent_skip,description-bookmarks+browser+rapidocr,2026-07-04T06:55:42+00:00,0,
3A1qTKI3IRA,826,LEOVOLD BANNED! Amonkhet Set Review | The Command Zone 155 | Magic Commander Podcast,155,,6219,https://www.youtube.com/watch?v=3A1qTKI3IRA,permanent_skip,description-bookmarks+browser+rapidocr,2026-07-04T06:56:45+00:00,0,
zpqi4lpvaTY,827,"Hapatra, Vizier of Poisons Deck Tech | The Command Zone 154 | Magic EDH Commander",154,,3276,https://www.youtube.com/watch?v=zpqi4lpvaTY,permanent_skip,description-bookmarks+browser+rapidocr,2026-07-04T07:01:41+00:00,0,
ub18aQSAOOE,831,How To add LIFE to Commander Night! EDH Variants | The Command Zone 152 | Magic Podcast,152,,5144,https://www.youtube.com/watch?v=ub18aQSAOOE,permanent_skip,description-bookmarks+browser+rapidocr,2026-07-04T07:02:41+00:00,0,
yJ6m_3J1hjI,832,The Commander Deck Building Template | The Command Zone 151 | Magic: the Gathering Podcast,151,,3864,https://www.youtube.com/watch?v=yJ6m_3J1hjI,permanent_skip,description-bookmarks+browser+rapidocr,2026-07-04T07:04:12+00:00,1,
iG1JkQRdTwY,834,"Tasigur, the Golden Fang w/ Jeremy Noell | The Command Zone 150 | Magic: the Gathering Podcast",150,,3816,https://www.youtube.com/watch?v=iG1JkQRdTwY,permanent_skip,description-bookmarks+browser+rapidocr,2026-07-04T07:04:51+00:00,0,
dR-IMhq-f7U,835,The Creative Process w/ Rob Prior (LIVE PAINTING!) | The Command Zone 149 | Magic Podcast,149,,6629,https://www.youtube.com/watch?v=dR-IMhq-f7U,permanent_skip,description-bookmarks+browser+rapidocr,2026-07-04T07:06:07+00:00,0,
7Ne6sAwwJTE,836,"MODERN MASTERS 2017 PREVIEW, Rishkar & Sram Deck Tech | The Command Zone 148 | Magic Podcast",148,,3908,https://www.youtube.com/watch?v=7Ne6sAwwJTE,permanent_skip,description-bookmarks+browser+rapidocr,2026-07-04T07:07:18+00:00,0,
eJod-aHWILk,838,What did EDH get RIGHT and WRONG in 2016? w/ Commanderin' & Commander's Brew | The Command Zone 147,147,,6407,https://www.youtube.com/watch?v=eJod-aHWILk,permanent_skip,description-bookmarks+browser+rapidocr,2026-07-04T07:08:12+00:00,0,
hkqmSgcB9tI,839,Straying From Staples w/ TheMagicManSam | The Command Zone 146 | Magic: the Gathering,146,,5258,https://www.youtube.com/watch?v=hkqmSgcB9tI,permanent_skip,description-bookmarks+browser+rapidocr,2026-07-04T07:09:30+00:00,0,
8u9Ae6BDoJE,841,Silas Renn + Sidar Kondo Deck Tech | The Command Zone 145 | Magic: the Gathering Commander,145,,3628,https://www.youtube.com/watch?v=8u9Ae6BDoJE,permanent_skip,description-bookmarks+browser+rapidocr,2026-07-04T07:11:43+00:00,0,
qoKUXErY6dU,843,Blatant Favoritism & No-Counterspell EDH? | The Command Zone 144 | Magic: the Gathering Commander,144,,4320,https://www.youtube.com/watch?v=qoKUXErY6dU,permanent_skip,description-bookmarks+browser+rapidocr,2026-07-04T07:14:27+00:00,0,
2SX3jK8A70Y,844,Evaluating New Mechanics - Kaladesh | The Command Zone 143 | Magic: the Gathering Commander Podcast,143,,4694,https://www.youtube.com/watch?v=2SX3jK8A70Y,permanent_skip,description-bookmarks+browser+rapidocr,2026-07-04T07:33:31+00:00,0,
3_SMmXlfZe8,845,Aether Revolt Set Review | The Command Zone 142 | Magic: the Gathering Commander/EDH Podcast,142,,4945,https://www.youtube.com/watch?v=3_SMmXlfZe8,permanent_skip,description-bookmarks+browser+rapidocr,2026-07-04T07:34:59+00:00,0,
wE9puUWFeeQ,846,Machiavellian Machinations | The Command Zone 141 | Magic: the Gathering Commander/EDH Podcast,141,,2951,https://www.youtube.com/watch?v=wE9puUWFeeQ,permanent_skip,description-bookmarks+browser+rapidocr,2026-07-04T07:37:24+00:00,0,
NvY8DBmf6WA,848,RISHKAR'S EXPERTISE + Vial Smasher & Thrasios Deck Tech | The Command Zone 140 | Magic Podcast,140,,3401,https://www.youtube.com/watch?v=NvY8DBmf6WA,permanent_skip,description-bookmarks+browser+rapidocr,2026-07-04T07:38:52+00:00,0,
KV9sm9_OB0k,849,What Would You Change in 2017? New Year’s Resolutions! | The Command Zone 139,139,,3317,https://www.youtube.com/watch?v=KV9sm9_OB0k,permanent_skip,description-bookmarks+browser+rapidocr,2026-07-04T07:43:32+00:00,0,
JpzHPilxYUM,852,Commander at WotC and Atraxa Alterations with Trick Jarrett | The Command Zone 136,136,,3786,https://www.youtube.com/watch?v=JpzHPilxYUM,permanent_skip,description-bookmarks+browser+rapidocr,2026-07-04T07:44:59+00:00,0,
yp-0dSM12s0,854,Commander 2016 Deck Testing - Kydele & Breya | The Command Zone 135,135,,2900,https://www.youtube.com/watch?v=yp-0dSM12s0,permanent_skip,description-bookmarks+browser+rapidocr,2026-07-04T07:46:12+00:00,1,
CDNjJFWsSJc,855,Saskia the Unyielding - Open Hostility C16 Deck Tech | The Command Zone 134,134,,2716,https://www.youtube.com/watch?v=CDNjJFWsSJc,permanent_skip,description-bookmarks+browser+rapidocr,2026-07-04T07:47:56+00:00,1,
6-9TJaFlOIw,856,"Breya, Etherium Shaper - Invent Superiority C16 Deck Tech | The Command Zone 133",133,,3213,https://www.youtube.com/watch?v=6-9TJaFlOIw,permanent_skip,description-bookmarks+browser+rapidocr,2026-07-04T07:49:42+00:00,1,
cADLmIhPCko,858,Kynaios and Tiro of Meletis - Stalwart Unity C16 Deck Tech | The Command Zone 132,132,,2813,https://www.youtube.com/watch?v=cADLmIhPCko,permanent_skip,description-bookmarks+browser+rapidocr,2026-07-04T07:51:43+00:00,0,
5oOYghCxgD4,860,"Yidris, Maelstrom Wielder - Entropic Uprising C16 Deck Tech | The Command Zone 131",131,,2900,https://www.youtube.com/watch?v=5oOYghCxgD4,permanent_skip,description-bookmarks+browser+rapidocr,2026-07-04T08:02:47+00:00,0,
eHRYpDO4PZE,861,"Atraxa, Praetors' Voice - Breed Lethality C16 Deck Tech | The Command Zone 130",130,,3121,https://www.youtube.com/watch?v=eHRYpDO4PZE,permanent_skip,description-bookmarks+browser+rapidocr,2026-07-04T08:14:10+00:00,0,
mBnpxlJi3Tc,862,First Look at Commander 2016 | The Command Zone 129,129,,4239,https://www.youtube.com/watch?v=mBnpxlJi3Tc,permanent_skip,description-bookmarks+browser+rapidocr,2026-07-04T16:20:10+00:00,0,
EIeAdY7ufmU,863,Cruel Entertainment + 2 more COMMANDER 2016 Preview Cards! | The Command Zone 128,128,,1199,https://www.youtube.com/watch?v=EIeAdY7ufmU,permanent_skip,,2026-07-04T16:14:50+00:00,0,RuntimeError: Chrome exited before remote debugging became available
w0nbemVmjDI,864,Card Draw & Card Advantage | The Command Zone 127,127,,3315,https://www.youtube.com/watch?v=w0nbemVmjDI,permanent_skip,,2026-07-04T16:14:53+00:00,0,RuntimeError: Chrome exited before remote debugging became available
TdYuCcfh72Q,865,The Meta and You | The Command Zone 126,126,,3493,https://www.youtube.com/watch?v=TdYuCcfh72Q,permanent_skip,,2026-07-04T16:14:57+00:00,0,RuntimeError: Chrome exited before remote debugging became available
143JirQN5JU,866,"Talrand, Sky Summoner | The Command Zone 125",125,,4171,https://www.youtube.com/watch?v=143JirQN5JU,permanent_skip,,2026-07-04T16:15:00+00:00,0,RuntimeError: Chrome exited before remote debugging became available
J9XWbeFwSlI,867,Conspiracy 2 Set Review | The Command Zone 124,124,,3604,https://www.youtube.com/watch?v=J9XWbeFwSlI,permanent_skip,,2026-07-04T16:15:04+00:00,0,RuntimeError: Chrome exited before remote debugging became available
0VWlPUe1XR4,868,Kaladesh Set Review | The Command Zone 123,123,,5795,https://www.youtube.com/watch?v=0VWlPUe1XR4,permanent_skip,,2026-07-04T16:15:07+00:00,0,RuntimeError: Chrome exited before remote debugging became available
sa1U-3VngLA,869,Kaladesh Preview Card + Mark Rosewater & Gavin Verhey PAX Interviews! | The Command Zone 122,122,,3718,https://www.youtube.com/watch?v=sa1U-3VngLA,permanent_skip,,2026-07-04T16:15:10+00:00,0,RuntimeError: Chrome exited before remote debugging became available
YxNekwKWzRs,871,Inside the Set: CONSPIRACY 2 with Glenn Jones | The Command Zone 121,121,,4226,https://www.youtube.com/watch?v=YxNekwKWzRs,permanent_skip,,2026-07-04T16:15:14+00:00,0,RuntimeError: Chrome exited before remote debugging became available
YcjoXtAgXvA,872,How Would You Change the Color Pie? Q&A | The Command Zone 120,120,,2924,https://www.youtube.com/watch?v=YcjoXtAgXvA,permanent_skip,,2026-07-04T16:15:17+00:00,0,RuntimeError: Chrome exited before remote debugging became available
2Uc6z-esJAo,873,"Karador, Ghost Chieftain with Corbin Hosler | The Command Zone 119",119,,5424,https://www.youtube.com/watch?v=2Uc6z-esJAo,permanent_skip,,2026-07-04T16:15:20+00:00,0,RuntimeError: Chrome exited before remote debugging became available
e0lInNcKlF0,874,Blue - The Color Wheel Series (& CONSPIRACY 2 PREVIEW) | The Command Zone 118,118,,4931,https://www.youtube.com/watch?v=e0lInNcKlF0,permanent_skip,,2026-07-04T16:15:24+00:00,0,RuntimeError: Chrome exited before remote debugging became available
8ojSd0ke7WA,875,Building On A Budget | The Command Zone 117,117,,4347,https://www.youtube.com/watch?v=8ojSd0ke7WA,permanent_skip,,2026-07-04T16:15:27+00:00,0,RuntimeError: Chrome exited before remote debugging became available
LK8u53V0qQw,876,"Deck Doctors: Ayli, Eternal Pilgrim | The Command Zone 116",116,,5439,https://www.youtube.com/watch?v=LK8u53V0qQw,permanent_skip,,2026-07-04T16:15:30+00:00,0,RuntimeError: Chrome exited before remote debugging became available
mMA6_9UOR58,877,Listener Questions! | The Command Zone 115,115,,3229,https://www.youtube.com/watch?v=mMA6_9UOR58,permanent_skip,,2026-07-04T16:15:34+00:00,0,RuntimeError: Chrome exited before remote debugging became available
Fd7Ondijwv0,878,Superfriends - EDH Archetypes | The Command Zone 114,114,,4061,https://www.youtube.com/watch?v=Fd7Ondijwv0,permanent_skip,,2026-07-04T16:15:37+00:00,0,RuntimeError: Chrome exited before remote debugging became available
37CzA6oBq-Y,879,Eldritch Moon Set Review | The Command Zone 113,113,,6146,https://www.youtube.com/watch?v=37CzA6oBq-Y,permanent_skip,,2026-07-04T16:15:40+00:00,0,RuntimeError: Chrome exited before remote debugging became available
FXl3cohglTk,880,Fostering a Healthy Playgroup | The Command Zone 112,112,,4197,https://www.youtube.com/watch?v=FXl3cohglTk,permanent_skip,,2026-07-04T16:15:44+00:00,0,RuntimeError: Chrome exited before remote debugging became available
7E8gCTY-2i8,881,Brewin' Brisela + EMN Preview Card! | The Command Zone 111,111,,3798,https://www.youtube.com/watch?v=7E8gCTY-2i8,permanent_skip,,2026-07-04T16:15:47+00:00,0,RuntimeError: Chrome exited before remote debugging became available
B5WBwL6-FzA,882,How to Play Faster | The Command Zone 110,110,,3079,https://www.youtube.com/watch?v=B5WBwL6-FzA,permanent_skip,,2026-07-04T16:15:50+00:00,0,RuntimeError: Chrome exited before remote debugging became available
NfJ_F2atvzM,883,Eternal Masters Set Review | The Command Zone 109,109,,5506,https://www.youtube.com/watch?v=NfJ_F2atvzM,permanent_skip,,2026-07-04T16:15:54+00:00,0,RuntimeError: Chrome exited before remote debugging became available
tnC2rGMkqcE,884,MYSTICAL TUTOR & ASHNOD'S ALTAR - Eternal Masters Preview Cards! | The Command Zone 108,108,,2639,https://www.youtube.com/watch?v=tnC2rGMkqcE,permanent_skip,,2026-07-04T16:15:57+00:00,0,RuntimeError: Chrome exited before remote debugging became available
LqKqlvevGO4,885,4-Color Commanders & Organization 101 | The Command Zone 107,107,,4465,https://www.youtube.com/watch?v=LqKqlvevGO4,permanent_skip,,2026-07-04T16:16:00+00:00,0,RuntimeError: Chrome exited before remote debugging became available
SqxvZkw2yaU,886,Building Around Story with Alison Luhrs | The Command Zone 106,106,,4007,https://www.youtube.com/watch?v=SqxvZkw2yaU,permanent_skip,,2026-07-04T16:16:04+00:00,0,RuntimeError: Chrome exited before remote debugging became available
SyEhni6iOuA,888,EDH Essentials | The Command Zone 105,105,,4809,https://www.youtube.com/watch?v=SyEhni6iOuA,permanent_skip,,2026-07-04T16:16:07+00:00,0,RuntimeError: Chrome exited before remote debugging became available
H4E6A4ZMydI,889,Top 10 Lands in EDH | The Command Zone 104,104,,4049,https://www.youtube.com/watch?v=H4E6A4ZMydI,permanent_skip,,2026-07-04T16:16:10+00:00,0,RuntimeError: Chrome exited before remote debugging became available
WG3hgYMR6gk,890,The Gitrog Monster / Self Expression in Deckbuilding | The Command Zone 103,103,,3694,https://www.youtube.com/watch?v=WG3hgYMR6gk,permanent_skip,,2026-07-04T16:16:14+00:00,0,RuntimeError: Chrome exited before remote debugging became available
pjDZ_BTDv8Q,891,Shadows Over Innistrad Set Review | The Command Zone 102,102,,6194,https://www.youtube.com/watch?v=pjDZ_BTDv8Q,permanent_skip,,2026-07-04T16:16:17+00:00,0,RuntimeError: Chrome exited before remote debugging became available
Nnyydwe_bH4,892,The Correct Answers | The Command Zone 101,101,,3891,https://www.youtube.com/watch?v=Nnyydwe_bH4,permanent_skip,,2026-07-04T16:16:20+00:00,0,RuntimeError: Chrome exited before remote debugging became available
1xCYgxYsEME,894,Building a Commander Deck LIVE | The Command Zone 100,100,,12006,https://www.youtube.com/watch?v=1xCYgxYsEME,permanent_skip,,2026-07-04T16:16:24+00:00,0,RuntimeError: Chrome exited before remote debugging became available
AzhxPovVXCU,895,The Commander Summit | The Command Zone 99,99,,7769,https://www.youtube.com/watch?v=AzhxPovVXCU,permanent_skip,,2026-07-04T16:16:27+00:00,0,RuntimeError: Chrome exited before remote debugging became available
kf5vFOFwIFU,896,Eternal Masters / The Reserved List | The Command Zone 98,98,,3851,https://www.youtube.com/watch?v=kf5vFOFwIFU,permanent_skip,,2026-07-04T16:16:30+00:00,0,RuntimeError: Chrome exited before remote debugging became available
n-wVOZn162s,897,Tall Tales | The Command Zone 97,97,,3263,https://www.youtube.com/watch?v=n-wVOZn162s,permanent_skip,,2026-07-04T16:16:34+00:00,0,RuntimeError: Chrome exited before remote debugging became available
NaNLT7Vssgc,898,Deck Improvement: Meren of Clan Nel Toth with Alex Kessler | The Command Zone 96,96,,4583,https://www.youtube.com/watch?v=NaNLT7Vssgc,permanent_skip,,2026-07-04T16:16:37+00:00,0,RuntimeError: Chrome exited before remote debugging became available
yvHXUCAmma0,899,Pet Cards | The Command Zone 95,95,,3545,https://www.youtube.com/watch?v=yvHXUCAmma0,permanent_skip,,2026-07-04T16:16:40+00:00,0,RuntimeError: Chrome exited before remote debugging became available
QRVhExa_mhc,900,Most Banworthy Cards in Commander | The Command Zone 94,94,,4310,https://www.youtube.com/watch?v=QRVhExa_mhc,permanent_skip,,2026-07-04T16:16:44+00:00,0,RuntimeError: Chrome exited before remote debugging became available
UpSFwRNwarc,902,"Prophet of Kruphix Banned, Proxies, Counterfeits, and More | The Command Zone 93",93,,4466,https://www.youtube.com/watch?v=UpSFwRNwarc,permanent_skip,,2026-07-04T16:16:47+00:00,0,RuntimeError: Chrome exited before remote debugging became available
syY9j-4ux4g,904,Oath of the Gatewatch Set Review | The Command Zone 92,92,,6490,https://www.youtube.com/watch?v=syY9j-4ux4g,permanent_skip,,2026-07-04T16:16:50+00:00,0,RuntimeError: Chrome exited before remote debugging became available
QNHrp12G-70,905,Oath of the Gatewatch Leaks / Year in Review | The Command Zone 91,91,,6069,https://www.youtube.com/watch?v=QNHrp12G-70,permanent_skip,,2026-07-04T16:16:54+00:00,0,RuntimeError: Chrome exited before remote debugging became available
FOuLpnZHXDw,906,Mizzix of the Izmagnus Deck Comparison / Oath of the Gatewatch Early Spoilers | The Command Zone 90,90,,6407,https://www.youtube.com/watch?v=FOuLpnZHXDw,permanent_skip,,2026-07-04T16:16:57+00:00,0,RuntimeError: Chrome exited before remote debugging became available
rV1r7nfEKTE,907,Commander 2015 Review – Red/White | The Command Zone 89,89,,3715,https://www.youtube.com/watch?v=rV1r7nfEKTE,permanent_skip,,2026-07-04T16:17:00+00:00,0,RuntimeError: Chrome exited before remote debugging became available
KtHY4Qjg1to,908,Commander 2015 Review – Green/Black & Green/Blue | The Command Zone 88,88,,5068,https://www.youtube.com/watch?v=KtHY4Qjg1to,permanent_skip,,2026-07-04T16:17:04+00:00,0,RuntimeError: Chrome exited before remote debugging became available
g0WYQf2uCeo,909,Commander 2015 Review – Black/White & Blue/Red | The Command Zone 87,87,,5097,https://www.youtube.com/watch?v=g0WYQf2uCeo,permanent_skip,,2026-07-04T16:17:07+00:00,0,RuntimeError: Chrome exited before remote debugging became available
pfWklS_Aq64,910,Commander 2015 First Look | The Command Zone 86,86,,5714,https://www.youtube.com/watch?v=pfWklS_Aq64,permanent_skip,,2026-07-04T16:17:11+00:00,0,RuntimeError: Chrome exited before remote debugging became available
st04tSi-5BQ,913,Most Wanted Reprints in Commander 2015 | The Command Zone #84,84,,3785,https://www.youtube.com/watch?v=st04tSi-5BQ,permanent_skip,,2026-07-04T16:17:14+00:00,0,RuntimeError: Chrome exited before remote debugging became available
5PBiT4Kq2G8,914,Catching Up with The Professor | The Command Zone 83,83,,5518,https://www.youtube.com/watch?v=5PBiT4Kq2G8,permanent_skip,,2026-07-04T16:17:17+00:00,0,RuntimeError: Chrome exited before remote debugging became available
UBpfnfP--_w,915,Medomai the Ageless at the 2015 Community Cup | The Command Zone 82,82,,3330,https://www.youtube.com/watch?v=UBpfnfP--_w,permanent_skip,,2026-07-04T16:17:21+00:00,0,RuntimeError: Chrome exited before remote debugging became available
f9oNvqHpv6s,916,Battle for Zendikar Set Review for Commander/EDH | The Command Zone 81,81,,7676,https://www.youtube.com/watch?v=f9oNvqHpv6s,permanent_skip,,2026-07-04T16:17:24+00:00,0,RuntimeError: Chrome exited before remote debugging became available
avY4SkCJulk,917,Situation Awareness | The Command Zone 80,80,,2725,https://www.youtube.com/watch?v=avY4SkCJulk,permanent_skip,,2026-07-04T16:17:27+00:00,0,RuntimeError: Chrome exited before remote debugging became available
j8r7rwgfbmw,918,Black - The Color Wheel Series | The Command Zone 79,79,,3475,https://www.youtube.com/watch?v=j8r7rwgfbmw,permanent_skip,,2026-07-04T16:17:31+00:00,0,RuntimeError: Chrome exited before remote debugging became available
q5-WVkwMTQk,919,"Unpacking & SANCTUM OF UGIN, BfZ Spoiler | The Command Zone 78",78,,3856,https://www.youtube.com/watch?v=q5-WVkwMTQk,permanent_skip,,2026-07-04T16:17:34+00:00,0,RuntimeError: Chrome exited before remote debugging became available
KMnDKnwmyE0,920,Community Questions & Answers! (2/2) | The Command Zone 77,77,,1949,https://www.youtube.com/watch?v=KMnDKnwmyE0,permanent_skip,,2026-07-04T16:17:37+00:00,0,RuntimeError: Chrome exited before remote debugging became available
4Xa0uUAo56A,921,Voltron - EDH Archetypes | The Command Zone 76,76,,3846,https://www.youtube.com/watch?v=4Xa0uUAo56A,permanent_skip,,2026-07-04T16:17:41+00:00,0,RuntimeError: Chrome exited before remote debugging became available
fn6jsXWKkRU,922,White - The Color Wheel Series | The Command Zone 75,75,,3012,https://www.youtube.com/watch?v=fn6jsXWKkRU,permanent_skip,,2026-07-04T16:17:44+00:00,0,RuntimeError: Chrome exited before remote debugging became available
MjRSshmfSZI,923,Community Questions & Answers! (1/2) | The Command Zone 74,74,,1976,https://www.youtube.com/watch?v=MjRSshmfSZI,permanent_skip,,2026-07-04T16:17:47+00:00,0,RuntimeError: Chrome exited before remote debugging became available
EuSL7aVPZK0,924,Magic Jargon | The Command Zone 73,73,,3181,https://www.youtube.com/watch?v=EuSL7aVPZK0,permanent_skip,,2026-07-04T16:17:51+00:00,0,RuntimeError: Chrome exited before remote debugging became available
y1BGab-oaJw,925,Top 10 Blue Cards in EDH/Commander | The Command Zone 72,72,,3647,https://www.youtube.com/watch?v=y1BGab-oaJw,permanent_skip,,2026-07-04T16:17:54+00:00,0,RuntimeError: Chrome exited before remote debugging became available
PUMFI2P55gs,926,Sandbagging | The Command Zone 71,71,,3254,https://www.youtube.com/watch?v=PUMFI2P55gs,permanent_skip,,2026-07-04T16:17:57+00:00,0,RuntimeError: Chrome exited before remote debugging became available
NT2TPR2L0F8,927,Keeping It Current | The Command Zone 70,70,,3184,https://www.youtube.com/watch?v=NT2TPR2L0F8,permanent_skip,,2026-07-04T16:18:01+00:00,0,RuntimeError: Chrome exited before remote debugging became available
VnhNLxKNnZg,928,"Deck Doctors: Rith, the Awakener | The Command Zone 69",69,,3996,https://www.youtube.com/watch?v=VnhNLxKNnZg,permanent_skip,,2026-07-04T16:18:04+00:00,0,RuntimeError: Chrome exited before remote debugging became available
bSk6PeAwYvI,929,Token Talk – EDH Archetypes | The Command Zone 68,68,,4467,https://www.youtube.com/watch?v=bSk6PeAwYvI,permanent_skip,,2026-07-04T16:18:07+00:00,0,RuntimeError: Chrome exited before remote debugging became available
jQZehX3WZ6I,930,"Deck Doctors: Karona, False God | The Command Zone 67",67,,3829,https://www.youtube.com/watch?v=jQZehX3WZ6I,permanent_skip,,2026-07-04T16:18:11+00:00,0,RuntimeError: Chrome exited before remote debugging became available
EEzfVavjgKc,931,Red – The Color Wheel Series | The Command Zone 66,66,,3629,https://www.youtube.com/watch?v=EEzfVavjgKc,permanent_skip,,2026-07-04T16:18:14+00:00,0,RuntimeError: Chrome exited before remote debugging became available
1adh-BJJIHQ,932,"Planeswalkers in EDH & Damia, Sage of Stone | The Command Zone 65",65,,3164,https://www.youtube.com/watch?v=1adh-BJJIHQ,permanent_skip,,2026-07-04T16:18:17+00:00,0,RuntimeError: Chrome exited before remote debugging became available
I8YMntFkbWc,933,Card Names & Flavor Text with James Pianka | The Command Zone 64,64,,3807,https://www.youtube.com/watch?v=I8YMntFkbWc,permanent_skip,,2026-07-04T16:18:21+00:00,0,RuntimeError: Chrome exited before remote debugging became available
lRiTc41RcVI,934,The Tuck Rule Debate with Sheldon Menery | The Command Zone 36,36,,3318,https://www.youtube.com/watch?v=lRiTc41RcVI,permanent_skip,,2026-07-04T16:18:24+00:00,0,RuntimeError: Chrome exited before remote debugging became available
pfgeC52MrJs,936,"Glissa, the Traitor, Infect Deck Tech | The Command Zone 62",62,,3007,https://www.youtube.com/watch?v=pfgeC52MrJs,permanent_skip,,2026-07-04T16:18:27+00:00,0,RuntimeError: Chrome exited before remote debugging became available
03D3ksuPLz4,937,Commander Stats with EDHRec | The Command Zone 61,61,,4434,https://www.youtube.com/watch?v=03D3ksuPLz4,permanent_skip,,2026-07-04T16:18:31+00:00,0,RuntimeError: Chrome exited before remote debugging became available
0XU-xZlii6g,938,High Rolla$ Part 2 | The Command Zone 60,60,,3110,https://www.youtube.com/watch?v=0XU-xZlii6g,permanent_skip,,2026-07-04T16:18:34+00:00,0,RuntimeError: Chrome exited before remote debugging became available
ycEuk3qb2d8,939,Magic: Origins Spoiler & Planeswalker Review | The Command Zone 59,59,,3781,https://www.youtube.com/watch?v=ycEuk3qb2d8,permanent_skip,,2026-07-04T16:18:37+00:00,0,RuntimeError: Chrome exited before remote debugging became available
j-GBOTbOLag,940,Top 10 Black Cards in EDH/Commander | The Command Zone 58,58,,3303,https://www.youtube.com/watch?v=j-GBOTbOLag,permanent_skip,,2026-07-04T16:18:41+00:00,0,RuntimeError: Chrome exited before remote debugging became available
DjT3TVvvL7k,941,"Deck Doctors: Alesha, Who Smiles at Death | The Command Zone 57",57,,3861,https://www.youtube.com/watch?v=DjT3TVvvL7k,permanent_skip,,2026-07-04T16:18:44+00:00,0,RuntimeError: Chrome exited before remote debugging became available
IoJAXKR9aQc,942,Deck Doctoring with Meghan & Maria from MtACast! | The Command Zone 56,56,,4410,https://www.youtube.com/watch?v=IoJAXKR9aQc,permanent_skip,,2026-07-04T16:18:47+00:00,0,RuntimeError: Chrome exited before remote debugging became available
fZVS1pqHLAs,943,Threat Assessment with Graham from LoadingReadyRun | The Command Zone 55,55,,3565,https://www.youtube.com/watch?v=fZVS1pqHLAs,permanent_skip,,2026-07-04T16:18:51+00:00,0,RuntimeError: Chrome exited before remote debugging became available
y9mtCWTDetA,944,Storytime with Wedge & The Professor | The Command Zone 54,54,,4052,https://www.youtube.com/watch?v=y9mtCWTDetA,permanent_skip,,2026-07-04T16:18:55+00:00,0,RuntimeError: Chrome exited before remote debugging became available
uN2_XnaDWdc,945,High Rolla$ | The Command Zone 53,53,,3424,https://www.youtube.com/watch?v=uN2_XnaDWdc,permanent_skip,,2026-07-04T16:18:59+00:00,0,RuntimeError: Chrome exited before remote debugging became available
Tm2nd72spjk,946,"GP Vegas with CSprankleRun, Brainstorm Brewery, & More! | The Command Zone 52",52,,4372,https://www.youtube.com/watch?v=Tm2nd72spjk,permanent_skip,,2026-07-04T16:19:02+00:00,0,RuntimeError: Chrome exited before remote debugging became available
GTugJRlZZqQ,947,Deck Tech: Jhoira of the Ghitu | The Command Zone 51,51,,4215,https://www.youtube.com/watch?v=GTugJRlZZqQ,permanent_skip,,2026-07-04T16:19:05+00:00,0,RuntimeError: Chrome exited before remote debugging became available
JqFEUPVHwbU,948,Deck Tech: Marchesa Revisited | The Command Zone 50,50,,4021,https://www.youtube.com/watch?v=JqFEUPVHwbU,permanent_skip,,2026-07-04T16:19:09+00:00,0,RuntimeError: Chrome exited before remote debugging became available
vgr9aqdCnVg,949,The Banned List | The Command Zone 49,49,,4661,https://www.youtube.com/watch?v=vgr9aqdCnVg,permanent_skip,,2026-07-04T16:19:12+00:00,0,RuntimeError: Chrome exited before remote debugging became available
X6Lh_TCRcT0,950,Deck Tech: Shadowborn Apostle / Athreos | The Command Zone 48,48,,3540,https://www.youtube.com/watch?v=X6Lh_TCRcT0,permanent_skip,,2026-07-04T16:19:15+00:00,0,RuntimeError: Chrome exited before remote debugging became available
XYa-ycGCmHI,951,EDH vs Modern | The Command Zone 47,47,,4854,https://www.youtube.com/watch?v=XYa-ycGCmHI,permanent_skip,,2026-07-04T16:19:19+00:00,0,RuntimeError: Chrome exited before remote debugging became available
YSIG14-h3aY,952,Fate Reforged EDH/Commander Review | The Command Zone 25,25,,6070,https://www.youtube.com/watch?v=YSIG14-h3aY,permanent_skip,,2026-07-04T16:19:22+00:00,0,RuntimeError: Chrome exited before remote debugging became available
hBm__3PGJRw,953,Deck Tech Daydreams / IMPACT RESONANCE | The Command Zone 17,17,,3826,https://www.youtube.com/watch?v=hBm__3PGJRw,permanent_skip,,2026-07-04T16:19:25+00:00,0,RuntimeError: Chrome exited before remote debugging became available
f2eHrBdhT2w,954,EDH Accessories with Tolarian Community College | The Command Zone 31,31,,6295,https://www.youtube.com/watch?v=f2eHrBdhT2w,permanent_skip,,2026-07-04T16:19:29+00:00,0,RuntimeError: Chrome exited before remote debugging became available
SVhz78VkSh4,955,Deck Tech: the Tim Deck | The Command Zone 42,42,,3086,https://www.youtube.com/watch?v=SVhz78VkSh4,permanent_skip,,2026-07-04T16:19:32+00:00,0,RuntimeError: Chrome exited before remote debugging became available
U9zpnOUFzOw,956,Tuck Rule discussion / Dragons of Tarkir: EDH Review | The Command Zone 35,35,,8526,https://www.youtube.com/watch?v=U9zpnOUFzOw,permanent_skip,,2026-07-04T16:19:35+00:00,0,RuntimeError: Chrome exited before remote debugging became available
1U2eTv0TIxk,957,Mastering Your Meta / Jeleva | The Command Zone 06,06,,6967,https://www.youtube.com/watch?v=1U2eTv0TIxk,permanent_skip,,2026-07-04T16:19:39+00:00,0,RuntimeError: Chrome exited before remote debugging became available
Eljnu-1V4kQ,958,Top 10 Green Cards in EDH Commander | The Command Zone 44,44,,3498,https://www.youtube.com/watch?v=Eljnu-1V4kQ,permanent_skip,,2026-07-04T16:19:42+00:00,0,RuntimeError: Chrome exited before remote debugging became available
Ta5J8PW4khQ,959,Politics & Negotiation / Roon | The Command Zone 02,02,,5873,https://www.youtube.com/watch?v=Ta5J8PW4khQ,permanent_skip,,2026-07-04T16:19:45+00:00,0,RuntimeError: Chrome exited before remote debugging became available
hEHGsb_0SVc,960,Talking Khans of Tarkir with Gavin Verhey (SDCC) | The Command Zone 08,08,,5215,https://www.youtube.com/watch?v=hEHGsb_0SVc,permanent_skip,,2026-07-04T16:19:49+00:00,0,"Error: It looks like you are using Playwright Sync API inside the asyncio loop.
Please use the Async API instead."
vfMVgF9S6yw,1,We Draft the Commander Banned List | The Command Zone 752 | MTG EDH Magic Gathering,752,,5439,https://www.youtube.com/watch?v=vfMVgF9S6yw,retry,,2026-08-03T15:20:37+00:00,0,RuntimeError: Chrome exited before remote debugging became available
jPIEwjr_UgE,1,The Best Commander from EVERY Magic Set | The Command Zone 753 | Magic: The Gathering MTG EDH,753,,14857,https://www.youtube.com/watch?v=jPIEwjr_UgE,retry,,2026-08-03T15:20:35+00:00,0,RuntimeError: Chrome exited before remote debugging became available
ntmLWMJDk8Y,1,Is it Time for a Playgroup Intervention? | The Command Zone 754 | MTG Magic: The Gathering Commander,754,,5004,https://www.youtube.com/watch?v=ntmLWMJDk8Y,retry,,2026-08-03T15:20:33+00:00,0,RuntimeError: Chrome exited before remote debugging became available
bBZ-PvOyYKY,1,Does Commander Have a Turn Order Problem? | The Command Zone 755 | Magic The Gathering MTG EDH,755,,8301,https://www.youtube.com/watch?v=bBZ-PvOyYKY,retry,,2026-08-03T15:20:27+00:00,0,RuntimeError: Chrome exited before remote debugging became available
